DayOfYear,Open,High,Low,Close
2,15.79,15.815,15.535,15.734
5,16.179,16.179,16.179,16.179
6,16.603,16.603,16.603,16.603
7,16.48,16.55,16.48,16.51
8,16.351,16.351,16.351,16.351
9,16.386,16.386,16.386,16.386
12,16.535,16.535,16.535,16.535
13,17.0,17.125,17.0,17.125
14,16.9,16.956,16.9,16.956
15,17.175,17.2,17.03,17.073
16,17.06,17.77,16.905,17.739
20,17.955,18.0,17.947,17.947
21,17.96,18.26,17.96,18.179
22,18.346,18.346,18.346,18.346
23,18.315,18.355,18.284,18.284
26,17.967,17.967,17.967,17.967
27,18.11,18.11,18.068,18.068
28,18.068,18.068,18.068,18.068
29,17.42,17.475,16.758,16.758
30,16.81,17.192,16.81,17.192
33,17.235,17.235,17.235,17.235
34,17.32,17.52,17.305,17.305
35,17.4,17.6,17.379,17.379
36,17.18,17.285,17.18,17.18
37,16.678,16.678,16.678,16.678
40,17.054,17.054,17.054,17.054
41,16.857,16.857,16.857,16.857
42,16.745,16.745,16.745,16.745
43,16.84,16.88,16.778,16.778
44,16.91,17.278,16.91,17.278
48,16.362,16.362,16.362,16.362
49,16.25,16.25,16.25,16.25
50,16.405,16.405,16.335,16.371
51,16.43,16.43,16.263,16.263
54,16.247,16.325,16.247,16.247
55,16.182,16.182,16.182,16.182
56,16.424,16.424,16.424,16.424
57,16.5,16.86,16.49,16.583
58,16.57,16.65,16.395,16.513
61,16.585,16.73,16.315,16.407
62,16.395,16.505,16.09,16.258
63,16.26,16.3,16.075,16.132
64,16.255,16.285,16.132,16.132
65,16.17,16.17,15.745,15.784
68,15.8,15.91,15.69,15.755
69,15.69,15.745,15.613,15.613
70,15.64,15.64,15.27,15.345
71,15.56,15.565,15.465,15.493
72,15.61,15.62,15.475,15.477
75,15.69,15.715,15.5,15.601
76,15.49,15.635,15.49,15.562
77,15.475,15.9,15.475,15.525
78,15.905,16.1,15.86,16.098
79,16.255,16.867,16.255,16.867
82,16.7,16.975,16.67,16.872
83,16.98,17.0,16.86,16.963
84,16.95,17.045,16.95,16.98
85,17.315,17.325,17.055,17.122
86,17.01,17.052,17.01,17.052
89,16.755,16.755,16.655,16.657
90,16.65,16.65,16.581,16.581
91,16.62,17.044,16.62,17.044
92,16.686,16.686,16.686,16.686
96,17.035,17.095,17.035,17.095
97,16.825,16.825,16.825,16.825
98,16.44,16.44,16.44,16.44
99,16.164,16.164,16.164,16.164
100,16.37,16.4,16.37,16.37
103,16.28,16.28,16.28,16.28
104,16.151,16.151,16.151,16.151
105,16.269,16.269,16.269,16.269
106,16.15,16.285,16.15,16.276
107,16.221,16.221,16.221,16.221
110,15.883,15.883,15.883,15.883
111,15.92,16.002,15.92,16.002
112,15.791,15.791,15.791,15.791
113,15.824,15.824,15.824,15.824
114,15.631,15.631,15.631,15.631
117,15.935,16.39,15.935,16.39
118,16.587,16.587,16.587,16.587
119,16.57,16.685,16.385,16.67
120,16.545,16.7,15.815,16.124
121,16.09,16.19,15.905,16.111
124,16.15,16.695,16.15,16.418
125,16.39,16.57,16.35,16.557
126,16.52,16.545,16.38,16.484
127,16.33,16.33,16.23,16.272
128,16.37,16.455,16.32,16.442
131,16.475,16.475,16.215,16.298
132,16.465,16.54,16.305,16.51
133,16.525,17.207,16.525,17.207
134,17.125,17.449,17.125,17.449
135,17.485,17.545,17.335,17.545
138,17.62,17.712,17.595,17.712
139,17.465,17.465,16.905,17.05
140,17.092,17.1,17.092,17.092
141,17.065,17.185,17.065,17.111
142,17.03,17.09,17.03,17.03
146,16.995,17.08,16.734,16.734
147,16.65,16.695,16.638,16.638
148,16.665,16.75,16.555,16.653
149,16.685,16.69,16.67,16.684
152,16.635,17.1,16.615,16.664
153,16.783,16.783,16.783,16.783
154,16.375,16.464,16.37,16.464
155,16.115,16.135,16.089,16.089
156,15.98,16.06,15.94,15.971
159,16.035,16.06,15.9,15.951
160,15.97,15.97,15.949,15.949
161,15.952,15.952,15.952,15.952
162,15.945,15.953,15.945,15.953
163,15.995,15.995,15.818,15.818
166,16.2,16.2,16.076,16.076
167,15.958,15.958,15.958,15.958
168,15.94,15.94,15.94,15.94
169,16.148,16.148,16.148,16.148
170,16.104,16.104,16.104,16.104
173,16.1,16.137,16.1,16.137
174,15.79,15.825,15.732,15.732
175,15.84,15.855,15.84,15.848
176,15.805,15.805,15.805,15.805
177,15.725,15.735,15.725,15.735
180,15.935,15.995,15.635,15.664
181,15.725,15.77,15.42,15.551
182,15.635,15.64,15.49,15.552
183,15.47,15.695,15.445,15.537
187,15.655,15.726,15.485,15.726
188,15.595,15.595,14.805,14.95
189,15.045,15.147,14.74,15.147
190,15.14,15.44,15.14,15.345
191,15.33,15.585,15.33,15.468
194,15.495,15.495,15.3,15.436
195,15.36,15.38,15.295,15.295
196,15.045,15.045,14.99,15.028
197,14.99,14.99,14.964,14.964
198,14.935,14.935,14.82,14.82
201,14.715,14.905,14.485,14.745
202,14.615,14.835,14.615,14.769
203,14.714,14.714,14.714,14.714
204,14.683,14.683,14.635,14.683
205,14.595,14.63,14.33,14.477
208,14.61,14.65,14.56,14.594
209,14.64,14.64,14.631,14.631
210,14.64,14.734,14.64,14.734
211,14.75,14.785,14.63,14.691
212,14.855,14.865,14.746,14.746
215,14.73,14.73,14.415,14.516
216,14.605,14.605,14.55,14.55
217,14.546,14.546,14.546,14.546
218,14.67,14.67,14.67,14.67
219,14.816,14.816,14.816,14.816
222,14.89,15.335,14.89,15.289
223,15.22,15.281,15.22,15.281
224,15.48,15.51,15.473,15.473
225,15.396,15.396,15.396,15.396
226,15.21,15.21,15.175,15.21
229,15.295,15.295,15.295,15.295
230,14.787,14.787,14.787,14.787
231,15.176,15.176,15.176,15.176
232,15.465,15.517,15.465,15.517
233,15.301,15.301,15.301,15.301
236,14.762,14.762,14.762,14.762
237,14.61,14.655,14.61,14.61
238,14.665,14.7,14.045,14.045
239,14.185,14.421,14.13,14.421
240,14.47,14.65,14.34,14.535
243,14.51,14.635,14.39,14.577
244,14.62,14.715,14.515,14.613
245,14.535,14.81,14.445,14.661
246,14.74,14.925,14.555,14.702
247,14.67,14.81,14.5,14.544
251,14.63,14.855,14.44,14.75
252,14.79,14.865,14.565,14.568
253,14.575,14.815,14.565,14.634
254,14.7,14.705,14.28,14.49
257,14.51,14.535,14.355,14.357
258,14.375,14.375,14.265,14.319
259,14.51,14.9,14.51,14.878
260,14.905,15.205,14.85,14.975
261,15.265,15.265,15.154,15.154
264,15.15,15.235,15.15,15.216
265,14.77,14.79,14.75,14.75
266,14.74,14.84,14.74,14.78
267,14.745,15.125,14.745,15.125
268,15.065,15.12,15.03,15.106
271,14.615,14.62,14.538,14.538
272,14.63,14.64,14.569,14.569
273,14.513,14.513,14.48,14.513
274,14.515,14.515,14.465,14.506
275,14.41,15.257,14.41,15.257
278,15.14,15.702,15.14,15.702
279,15.59,15.985,15.59,15.979
280,15.85,16.088,15.85,16.088
281,15.61,15.76,15.61,15.76
282,15.809,15.815,15.809,15.809
285,15.855,15.855,15.855,15.855
286,15.71,15.897,15.7,15.897
287,16.01,16.105,15.98,16.102
288,16.135,16.152,16.0,16.152
289,16.102,16.102,16.102,16.102
292,15.82,15.829,15.82,15.829
293,15.905,15.905,15.89,15.905
294,15.696,15.696,15.696,15.696
295,15.823,15.823,15.823,15.823
296,15.818,15.86,15.818,15.818
299,15.9,15.9,15.9,15.9
300,15.83,15.858,15.83,15.858
301,16.06,16.288,16.06,16.288
302,15.875,15.975,15.544,15.544
303,15.575,15.575,15.53,15.566
306,15.413,15.413,15.413,15.413
307,15.385,15.385,15.244,15.244
308,15.2,15.2,15.063,15.063
309,14.988,14.988,14.988,14.988
310,15.035,15.045,14.696,14.696
313,14.418,14.418,14.418,14.418
314,14.356,14.356,14.356,14.356
315,14.31,14.31,14.262,14.262
316,14.45,14.45,14.224,14.224
317,14.203,14.203,14.203,14.203
320,14.45,14.455,14.185,14.221
321,14.135,14.17,14.135,14.17
322,14.02,14.1,14.02,14.08
323,14.242,14.242,14.242,14.242
324,14.106,14.106,14.106,14.106
327,14.042,14.145,14.042,14.042
328,14.275,14.28,14.169,14.169
329,14.168,14.168,14.168,14.168
331,14.16,14.35,13.905,14.008
334,14.02,14.155,13.955,14.05
335,14.04,14.215,14.04,14.055
336,14.125,14.14,13.89,13.979
337,13.855,14.095,13.77,14.053
338,14.05,14.555,14.05,14.505
341,14.48,14.605,14.307,14.307
342,14.195,14.25,14.091,14.091
343,14.14,14.265,14.11,14.164
344,14.11,14.115,14.08,14.085
345,14.025,14.025,13.859,13.859
348,13.875,13.925,13.666,13.666
349,13.635,13.74,13.635,13.74
350,13.76,14.235,13.76,14.218
351,13.885,13.885,13.683,13.683
352,13.82,14.16,13.82,14.08
355,14.105,14.301,14.105,14.301
356,14.225,14.38,14.225,14.302
357,14.3,14.3,14.24,14.277
358,14.365,14.369,14.365,14.369
362,14.035,14.035,13.855,13.873
363,14.02,14.02,13.917,13.917
364,13.925,13.925,13.745,13.814
365,13.775,13.775,13.775,13.775
4,14.1,14.1,13.817,13.817
5,13.949,13.949,13.949,13.949
6,14.0,14.065,13.957,13.957
7,14.335,14.34,14.33,14.335
8,14.06,14.06,13.908,13.908
11,13.95,14.01,13.855,13.855
12,13.86,13.86,13.71,13.74
13,13.85,14.145,13.85,14.145
14,13.737,13.737,13.737,13.737
15,13.884,13.884,13.884,13.884
19,14.065,14.11,14.065,14.11
20,14.147,14.147,14.147,14.147
21,14.083,14.083,14.083,14.083
22,14.29,14.29,14.043,14.043
25,14.095,14.24,14.095,14.24
26,14.385,14.544,14.385,14.544
27,14.44,14.44,14.44,14.44
28,14.355,14.355,14.215,14.216
29,14.229,14.265,14.229,14.229
32,14.245,14.37,14.235,14.329
33,14.26,14.276,14.255,14.276
34,14.4,14.775,14.4,14.72
35,14.765,14.9,14.735,14.836
36,14.86,14.9,14.725,14.764
39,14.91,15.42,14.91,15.416
40,15.39,15.444,15.34,15.444
41,15.277,15.3,15.277,15.277
42,15.3,15.789,15.3,15.789
43,15.73,15.785,15.73,15.785
47,15.385,15.385,15.329,15.329
48,15.372,15.372,15.372,15.372
49,15.427,15.427,15.427,15.427
50,15.368,15.368,15.368,15.368
53,15.179,15.179,15.179,15.179
54,15.235,15.235,15.235,15.235
55,15.292,15.292,15.292,15.292
56,15.185,15.185,15.165,15.165
57,15.135,15.23,14.675,14.689
60,14.735,14.925,14.61,14.896
61,14.925,15.04,14.725,14.733
62,14.81,15.003,14.76,15.003
63,14.945,15.33,14.92,15.131
64,15.22,15.78,15.14,15.681
67,15.57,15.795,15.525,15.623
68,15.71,15.75,15.365,15.384
69,15.385,15.395,15.195,15.355
70,15.315,15.625,15.175,15.546
71,15.605,15.66,15.55,15.607
74,15.55,15.8,15.37,15.518
75,15.385,15.41,15.245,15.255
76,15.27,15.66,15.214,15.214
77,15.63,16.035,15.595,16.022
78,16.085,16.15,15.806,15.806
81,15.795,15.86,15.75,15.841
82,15.95,15.955,15.845,15.877
83,15.5,15.5,15.255,15.263
84,15.29,15.315,15.18,15.191
88,15.18,15.325,15.18,15.194
89,15.115,15.237,15.115,15.237
90,15.365,15.365,15.206,15.206
91,15.42,15.46,15.42,15.46
92,15.042,15.042,15.042,15.042
95,15.02,15.02,14.942,14.942
96,15.114,15.114,15.114,15.114
97,15.052,15.052,15.052,15.052
98,15.156,15.156,15.156,15.156
99,15.382,15.382,15.382,15.382
102,15.47,15.974,15.47,15.974
103,15.96,16.22,15.96,16.22
104,16.125,16.323,16.125,16.323
105,16.065,16.19,16.065,16.169
106,16.24,16.309,16.165,16.309
109,16.215,16.249,16.215,16.249
110,16.968,16.968,16.968,16.968
111,16.965,17.131,16.94,17.131
112,17.086,17.086,17.086,17.086
113,16.896,16.896,16.896,16.896
116,17.005,17.005,17.005,17.005
117,17.106,17.106,17.106,17.106
118,17.286,17.286,17.286,17.286
119,17.23,17.655,17.14,17.553
120,17.59,17.99,17.59,17.789
123,17.85,18.03,17.52,17.656
124,17.585,17.73,17.36,17.474
125,17.475,17.475,17.2,17.277
126,17.365,17.605,17.27,17.302
127,17.34,17.59,17.335,17.507
130,17.47,17.475,16.96,17.07
131,16.97,17.13,16.96,17.075
132,17.235,17.575,17.23,17.302
133,17.32,17.32,17.087,17.087
134,17.155,17.18,16.985,17.115
137,17.22,17.22,17.142,17.142
138,17.32,17.32,17.235,17.235
139,17.145,17.145,16.8,17.12
140,16.91,16.91,16.415,16.479
141,16.465,16.519,16.465,16.519
144,16.32,16.435,16.32,16.41
145,16.32,16.32,16.238,16.238
146,16.245,16.335,16.245,16.255
147,16.285,16.455,16.28,16.338
148,16.295,16.325,16.175,16.246
152,16.01,16.105,15.96,15.972
153,16.0,16.0,15.906,15.906
154,16.025,16.025,16.005,16.005
155,16.35,16.43,16.345,16.346
158,16.428,16.428,16.428,16.428
159,16.377,16.377,16.377,16.377
160,16.55,17.05,16.55,16.968
161,17.13,17.253,16.98,17.253
162,17.315,17.315,17.315,17.315
165,17.428,17.428,17.428,17.428
166,17.41,17.41,17.41,17.41
167,17.49,17.49,17.489,17.489
168,17.7,17.7,17.255,17.594
169,17.42,17.455,17.4,17.4
172,17.445,17.503,17.445,17.503
173,17.311,17.311,17.311,17.311
174,17.23,17.305,17.23,17.305
175,17.348,17.348,17.348,17.348
176,17.215,17.825,17.215,17.785
179,17.865,17.865,17.74,17.74
180,17.839,17.839,17.839,17.839
181,17.8,18.515,17.8,18.362
182,18.315,18.855,18.245,18.582
183,18.79,19.925,18.775,19.544
187,19.755,21.095,19.625,19.866
188,20.33,20.495,19.945,20.16
189,20.14,20.22,19.53,19.798
190,19.735,20.21,19.4,20.058
193,20.37,20.605,20.215,20.264
194,20.41,20.465,20.1,20.13
195,20.385,20.42,20.195,20.37
196,20.44,20.44,20.085,20.281
197,20.23,20.23,20.08,20.125
200,20.025,20.095,19.745,20.044
201,19.96,20.01,19.92,19.975
202,19.625,19.625,19.41,19.582
203,19.375,19.784,19.325,19.784
204,19.79,19.795,19.657,19.657
207,19.5,19.665,19.4,19.615
208,19.675,19.685,19.59,19.655
209,19.965,19.965,19.965,19.965
210,20.29,20.5,20.16,20.16
211,20.2,20.312,20.07,20.312
214,20.495,20.655,20.465,20.465
215,20.405,20.75,20.405,20.666
216,20.625,20.645,20.405,20.436
217,20.395,20.42,20.1,20.406
218,20.27,20.27,19.78,19.78
221,19.69,19.84,19.69,19.768
222,19.814,19.814,19.814,19.814
223,20.195,20.355,20.134,20.134
224,19.984,19.984,19.984,19.984
225,19.672,19.73,19.672,19.672
228,19.821,19.821,19.821,19.821
229,19.95,20.065,19.848,19.848
230,19.627,19.695,19.627,19.627
231,19.83,19.85,19.72,19.72
232,19.365,19.365,19.301,19.301
235,18.855,18.95,18.843,18.843
236,18.925,18.925,18.91,18.91
237,18.82,18.82,18.54,18.545
238,18.478,18.505,18.478,18.478
239,18.695,18.695,18.595,18.645
242,18.762,18.762,18.762,18.762
243,18.86,18.94,18.55,18.577
244,18.58,18.795,18.52,18.622
245,18.7,18.9,18.585,18.857
246,18.86,19.395,18.78,19.276
250,19.395,20.1,19.315,20.049
251,19.97,20.015,19.735,19.759
252,19.795,19.875,19.58,19.591
253,19.615,19.62,19.025,19.282
256,19.035,19.035,18.715,18.915
257,19.17,19.17,18.89,18.89
258,18.995,18.995,18.982,18.982
259,18.965,19.04,18.81,18.959
260,18.89,18.89,18.75,18.781
263,18.875,19.235,18.875,19.206
264,19.2,19.2,19.14,19.195
265,19.686,19.686,19.686,19.686
266,19.985,20.02,19.88,20.02
267,19.855,19.855,19.733,19.733
270,19.56,19.56,19.516,19.516
271,19.38,19.38,19.087,19.087
272,19.05,19.055,19.044,19.044
273,19.225,19.225,19.01,19.115
274,19.4,19.6,19.139,19.139
277,18.87,18.87,18.795,18.795
278,18.5,18.5,17.713,17.713
279,17.85,17.85,17.605,17.634
280,17.735,17.765,17.28,17.288
281,17.245,17.52,17.195,17.324
285,17.65,17.65,17.456,17.456
286,17.5,17.5,17.455,17.455
287,17.44,17.45,17.41,17.41
288,17.345,17.435,17.33,17.393
291,17.415,17.426,17.415,17.426
292,17.65,17.65,17.495,17.591
293,17.585,17.71,17.585,17.616
294,17.685,17.685,17.425,17.502
295,17.448,17.448,17.448,17.448
298,17.562,17.562,17.562,17.562
299,17.63,17.736,17.63,17.736
300,17.655,17.655,17.585,17.585
301,17.59,17.604,17.59,17.604
302,17.625,17.855,17.605,17.762
305,17.81,17.81,17.762,17.762
306,18.0,18.45,18.0,18.385
307,18.33,18.66,18.33,18.66
308,18.383,18.383,18.33,18.383
309,18.342,18.37,18.342,18.342
312,18.15,18.195,18.124,18.124
313,18.3,18.7,18.3,18.33
314,18.77,18.8,18.357,18.357
315,18.475,18.716,18.46,18.716
319,17.46,17.46,16.805,16.877
320,17.05,17.05,17.029,17.029
321,16.914,16.925,16.914,16.914
322,16.761,16.761,16.761,16.761
323,16.613,16.613,16.613,16.613
326,16.512,16.55,16.512,16.512
327,16.623,16.623,16.623,16.623
328,16.255,16.383,16.255,16.383
330,16.54,16.54,16.464,16.464
333,16.578,16.578,16.578,16.578
334,16.605,16.7,16.39,16.661
335,16.545,16.715,16.395,16.406
336,16.495,16.63,16.25,16.427
337,16.615,16.775,16.305,16.753
340,16.905,16.96,16.525,16.824
341,16.84,16.86,16.74,16.74
342,16.665,17.203,16.645,17.203
343,17.1,17.11,16.995,17.025
344,16.98,17.02,16.82,16.897
347,16.83,17.145,16.83,17.116
348,17.075,17.15,16.765,16.911
349,17.14,17.152,16.8,17.152
350,16.5,16.5,15.89,15.897
351,16.0,16.153,16.0,16.153
354,16.0,16.026,15.98,16.026
355,15.71,16.054,15.7,16.054
356,16.105,16.125,15.918,15.918
357,15.915,15.97,15.79,15.815
358,15.775,15.8,15.704,15.704
362,15.84,15.929,15.84,15.929
363,16.0,16.025,15.875,15.988
364,15.995,16.2,15.995,16.163
365,16.235,16.235,15.86,15.936
3,16.04,16.435,16.03,16.356
4,16.4,16.499,16.395,16.499
5,16.645,16.71,16.584,16.584
6,16.375,16.49,16.375,16.466
9,16.445,16.66,16.445,16.63
10,16.635,16.803,16.595,16.803
11,16.61,16.783,16.61,16.783
12,16.78,16.78,16.78,16.78
13,16.72,16.72,16.72,16.72
17,17.102,17.102,17.102,17.102
18,17.235,17.235,17.21,17.235
19,16.967,16.967,16.967,16.967
20,16.925,17.12,16.925,16.997
23,17.2,17.2,17.13,17.15
24,17.149,17.149,17.149,17.149
25,16.83,16.96,16.83,16.944
26,16.814,16.814,16.814,16.814
27,17.1,17.1,17.1,17.1
30,17.15,17.15,17.122,17.122
31,17.33,17.56,17.33,17.512
32,17.45,17.59,17.42,17.42
33,17.67,17.67,17.402,17.402
34,17.405,17.453,17.405,17.453
37,17.595,17.73,17.57,17.667
38,17.575,17.733,17.575,17.733
39,17.645,17.8,17.645,17.683
40,17.75,17.815,17.72,17.72
41,17.58,17.965,17.58,17.912
44,17.9,17.9,17.804,17.804
45,17.872,17.96,17.872,17.872
46,17.92,17.96,17.92,17.947
47,18.05,18.063,18.05,18.063
48,18.005,18.05,18.005,18.019
52,17.99,18.05,17.96,17.99
53,17.942,17.942,17.942,17.942
54,18.055,18.113,18.055,18.113
55,18.335,18.335,18.335,18.335
58,18.355,18.475,18.205,18.354
59,18.29,18.445,18.235,18.42
60,18.295,18.455,18.25,18.443
61,18.405,18.405,17.69,17.705
62,17.79,17.945,17.625,17.697
65,17.9,17.9,17.7,17.725
66,17.72,17.72,17.465,17.492
67,17.485,17.5,17.21,17.257
68,17.16,17.255,16.925,16.993
69,16.925,17.05,16.835,16.883
72,16.975,17.09,16.935,16.935
73,16.925,16.96,16.888,16.888
74,16.9,17.22,16.82,16.888
75,17.39,17.47,17.255,17.296
76,17.3,17.379,17.28,17.379
79,17.425,17.425,17.355,17.403
80,17.335,17.55,17.335,17.55
81,17.55,17.55,17.54,17.545
82,17.575,17.575,17.563,17.563
83,17.72,17.72,17.72,17.72
86,18.08,18.1,18.08,18.08
87,18.145,18.225,18.14,18.225
88,18.228,18.228,18.228,18.228
89,18.16,18.25,18.16,18.185
90,18.12,18.235,18.115,18.235
93,18.22,18.22,18.191,18.191
94,18.302,18.302,18.302,18.302
95,18.215,18.215,18.165,18.166
96,18.17,18.225,18.17,18.225
97,18.35,18.425,18.13,18.13
100,17.82,17.894,17.75,17.894
101,18.04,18.29,18.04,18.233
102,18.32,18.39,18.279,18.279
103,18.475,18.5,18.47,18.489
107,18.493,18.493,18.43,18.493
108,18.251,18.251,18.251,18.251
109,18.136,18.136,18.136,18.136
110,17.992,17.992,17.992,17.992
111,17.985,17.99,17.83,17.83
114,17.848,17.848,17.848,17.848
115,17.581,17.581,17.56,17.581
116,17.353,17.353,17.353,17.353
117,17.46,17.47,17.205,17.265
118,17.225,17.375,17.13,17.191
121,17.185,17.215,16.76,16.78
122,16.855,16.955,16.755,16.769
123,16.8,16.835,16.42,16.487
124,16.425,16.55,16.21,16.244
125,16.29,16.465,16.195,16.215
128,16.26,16.395,16.199,16.199
129,16.145,16.185,16.008,16.008
130,16.145,16.235,16.1,16.151
131,16.155,16.315,16.155,16.209
132,16.285,16.405,16.28,16.346
135,16.435,16.735,16.425,16.561
136,16.58,16.775,16.58,16.693
137,16.855,16.955,16.74,16.852
138,16.7,16.705,16.51,16.621
139,16.525,16.775,16.525,16.75
142,17.143,17.143,17.143,17.143
143,17.08,17.23,17.01,17.091
144,16.99,17.077,16.99,17.077
145,17.165,17.19,17.15,17.152
146,17.105,17.31,17.1,17.283
150,17.335,17.4,17.21,17.388
151,17.21,17.368,17.21,17.368
152,17.3,17.305,17.025,17.243
153,17.205,17.505,17.12,17.487
156,17.545,17.6,17.545,17.547
157,17.51,17.695,17.51,17.677
158,17.625,17.69,17.51,17.587
159,17.595,17.605,17.365,17.384
160,17.455,17.455,17.175,17.193
163,17.115,17.115,16.914,16.914
164,16.915,16.915,16.738,16.738
165,16.84,17.18,16.84,17.107
166,16.63,16.73,16.63,16.691
167,16.735,16.735,16.636,16.636
170,16.51,16.53,16.483,16.483
171,16.47,16.57,16.375,16.398
172,16.46,16.47,16.33,16.355
173,16.44,16.49,16.44,16.49
174,16.65,16.65,16.628,16.628
177,16.425,16.56,16.425,16.56
178,16.576,16.576,16.576,16.576
179,16.745,16.745,16.685,16.715
180,16.77,16.86,16.555,16.586
181,16.59,16.63,16.44,16.568
184,16.58,16.58,16.03,16.037
186,16.1,16.1,15.835,15.842
187,15.995,16.0,15.885,15.927
188,15.96,15.965,15.3,15.371
191,15.54,15.615,15.15,15.577
192,15.575,15.76,15.4,15.697
193,15.77,15.875,15.76,15.839
194,15.89,15.89,15.64,15.642
195,15.635,15.965,15.585,15.884
198,16.1,16.11,16.04,16.05
199,16.025,16.255,16.025,16.222
200,16.14,16.251,16.13,16.251
201,16.18,16.325,16.135,16.299
202,16.25,16.44,16.25,16.41
205,16.415,16.465,16.355,16.398
206,16.41,16.497,16.265,16.497
207,16.4,16.61,16.365,16.415
208,16.625,16.65,16.529,16.529
209,16.495,16.69,16.49,16.664
212,16.735,16.825,16.73,16.75
213,16.635,16.785,16.635,16.728
214,16.697,16.697,16.697,16.697
215,16.594,16.594,16.594,16.594
216,16.265,16.265,16.205,16.222
219,16.2,16.235,16.09,16.221
220,16.365,16.42,16.34,16.36
221,16.505,16.85,16.475,16.834
222,16.945,17.21,16.945,17.036
223,17.095,17.105,17.02,17.041
226,17.055,17.115,16.99,17.093
227,16.69,16.69,16.69,16.69
228,16.695,17.065,16.695,16.917
229,17.13,17.13,16.99,17.03
230,16.98,16.98,16.98,16.98
233,16.995,16.995,16.995,16.995
234,16.962,16.962,16.962,16.962
235,17.032,17.032,17.032,17.032
236,17.055,17.06,16.952,16.952
237,16.952,17.038,16.952,17.038
240,17.431,17.431,17.431,17.431
241,17.422,17.422,17.422,17.422
242,17.39,17.46,17.285,17.404
243,17.42,17.6,17.255,17.48
244,17.565,17.72,17.445,17.719
248,17.78,17.98,17.775,17.845
249,17.915,17.97,17.8,17.816
250,17.84,18.105,17.795,18.016
251,18.09,18.16,17.915,18.027
254,17.89,17.89,17.695,17.807
255,17.78,17.87,17.705,17.795
256,17.86,17.91,17.635,17.772
257,17.65,17.76,17.58,17.698
258,17.76,17.8,17.55,17.611
261,17.49,17.52,17.03,17.071
262,17.135,17.24,17.115,17.195
263,17.255,17.34,17.01,17.251
264,16.895,16.937,16.8,16.937
265,16.985,16.985,16.903,16.903
268,16.85,17.09,16.81,17.059
269,16.875,16.89,16.775,16.804
270,16.7,16.815,16.695,16.748
271,16.75,16.83,16.655,16.773
272,16.81,16.81,16.607,16.607
275,16.595,16.635,16.525,16.585
276,16.53,16.585,16.53,16.581
277,16.645,16.82,16.515,16.563
278,16.65,16.71,16.582,16.582
279,16.59,16.734,16.43,16.734
282,16.865,16.93,16.865,16.916
283,16.935,17.165,16.925,17.155
284,17.145,17.2,17.065,17.081
285,17.205,17.22,17.205,17.211
286,17.215,17.38,17.215,17.355
289,17.42,17.43,17.28,17.315
290,16.987,17.01,16.987,16.987
291,16.943,16.943,16.943,16.943
292,16.99,17.22,16.99,17.201
293,17.17,17.17,16.99,17.022
296,16.92,17.024,16.87,17.024
297,16.89,16.945,16.89,16.907
298,16.868,16.868,16.868,16.868
299,16.764,16.764,16.764,16.764
300,16.702,16.702,16.702,16.702
303,16.715,16.845,16.715,16.802
304,16.795,16.795,16.645,16.645
305,16.99,17.132,16.99,17.132
306,17.065,17.094,17.06,17.094
307,17.105,17.105,16.79,16.794
310,17.195,17.225,17.195,17.195
311,16.905,16.925,16.905,16.905
312,17.106,17.106,17.106,17.106
313,16.93,16.943,16.93,16.943
314,17.0,17.0,16.844,16.844
317,16.84,17.023,16.84,17.023
318,16.905,17.052,16.905,17.052
319,16.95,16.95,16.94,16.95
320,16.95,17.056,16.95,17.056
321,17.125,17.358,17.125,17.358
324,16.827,16.827,16.827,16.827
325,16.949,16.949,16.93,16.949
326,17.101,17.101,17.101,17.101
328,16.99,16.99,16.981,16.981
331,17.02,17.02,17.009,17.009
332,17.02,17.025,16.811,16.811
333,16.81,16.865,16.45,16.457
334,16.48,16.52,16.285,16.382
335,16.385,16.485,16.2,16.297
338,16.31,16.34,16.19,16.284
339,16.25,16.28,15.973,15.973
340,16.04,16.05,15.868,15.868
341,15.88,15.885,15.6,15.715
342,15.675,15.765,15.655,15.736
345,15.775,15.8,15.625,15.697
346,15.665,15.7,15.555,15.582
347,15.64,15.995,15.62,15.784
348,16.0,16.0,15.8,15.85
349,16.01,16.01,15.955,15.978
352,15.98,16.12,15.98,16.12
353,16.16,16.16,16.066,16.066
354,16.095,16.188,16.095,16.188
355,16.095,16.152,16.095,16.152
356,16.14,16.357,16.14,16.357
360,16.48,16.52,16.48,16.52
361,16.595,16.625,16.58,16.619
362,16.65,16.832,16.65,16.832
363,16.92,17.06,16.92,17.06
2,17.155,17.16,17.121,17.121
3,17.08,17.185,17.08,17.185
4,17.085,17.23,17.085,17.189
5,17.205,17.205,17.205,17.205
8,17.064,17.064,17.064,17.064
9,16.936,16.945,16.936,16.936
10,16.963,16.963,16.955,16.963
11,16.955,16.965,16.894,16.894
12,16.925,17.12,16.92,17.069
16,17.305,17.325,17.122,17.122
17,17.095,17.12,16.97,17.105
18,17.0,17.01,16.893,16.893
19,16.935,16.99,16.935,16.975
22,16.985,16.985,16.931,16.931
23,16.855,16.855,16.855,16.855
24,17.425,17.425,17.425,17.425
25,17.525,17.551,17.525,17.551
26,17.382,17.382,17.382,17.382
30,17.055,17.185,17.013,17.013
31,17.175,17.21,17.175,17.204
32,17.118,17.118,17.118,17.118
33,16.676,16.676,16.676,16.676
36,16.639,16.639,16.639,16.639
37,16.705,16.705,16.54,16.548
38,16.63,16.63,16.206,16.206
39,16.314,16.314,16.314,16.314
40,16.116,16.116,16.116,16.116
43,16.375,16.548,16.345,16.548
44,16.507,16.507,16.507,16.507
45,16.858,16.858,16.858,16.858
46,16.777,16.777,16.777,16.777
47,16.695,16.695,16.695,16.695
51,16.425,16.425,16.425,16.425
52,16.604,16.604,16.604,16.604
53,16.57,16.579,16.57,16.579
54,16.55,16.555,16.476,16.476
57,16.542,16.542,16.542,16.542
58,16.61,16.65,16.26,16.346
59,16.335,16.43,16.3,16.324
60,16.35,16.465,16.09,16.2
61,16.39,16.495,16.36,16.392
64,16.465,16.545,16.32,16.338
65,16.37,16.81,16.37,16.715
66,16.64,16.64,16.4,16.428
67,16.44,16.465,16.375,16.436
68,16.33,16.615,16.305,16.546
71,16.565,16.565,16.39,16.471
72,16.495,16.56,16.46,16.559
73,16.535,16.535,16.467,16.467
74,16.485,16.485,16.305,16.353
75,16.335,16.405,16.185,16.202
78,16.165,16.26,16.165,16.255
79,16.215,16.215,16.05,16.125
80,16.385,16.53,16.357,16.357
81,16.49,16.505,16.328,16.328
82,16.45,16.55,16.45,16.53
85,16.7,16.725,16.615,16.632
86,16.505,16.505,16.489,16.489
87,16.45,16.45,16.195,16.205
88,16.25,16.25,16.21,16.223
92,16.47,16.627,16.47,16.627
93,16.347,16.347,16.347,16.347
94,16.435,16.445,16.209,16.209
95,16.2,16.32,16.19,16.32
96,16.3,16.332,16.285,16.332
99,16.345,16.499,16.345,16.499
100,16.41,16.566,16.41,16.566
101,16.738,16.738,16.738,16.738
102,16.615,16.615,16.443,16.443
103,16.628,16.628,16.628,16.628
106,16.662,16.662,16.662,16.662
107,16.772,16.772,16.772,16.772
108,16.825,17.231,16.825,17.231
109,17.17,17.222,17.17,17.222
110,17.175,17.175,17.1,17.147
113,16.825,16.83,16.571,16.571
114,16.66,16.687,16.66,16.687
115,16.555,16.555,16.486,16.486
116,16.488,16.488,16.488,16.488
117,16.49,16.53,16.385,16.406
120,16.475,16.485,16.14,16.312
121,16.28,16.285,16.0,16.039
122,16.19,16.45,16.19,16.291
123,16.37,16.53,16.34,16.362
124,16.405,16.44,16.33,16.434
127,16.49,16.505,16.39,16.413
128,16.415,16.445,16.25,16.388
129,16.515,16.515,16.455,16.458
130,16.46,16.685,16.455,16.68
131,16.725,16.725,16.676,16.676
134,16.65,16.65,16.55,16.57
135,16.35,16.35,16.165,16.194
136,16.297,16.297,16.297,16.297
137,16.315,16.413,16.315,16.413
138,16.38,16.405,16.38,16.387
141,16.45,16.46,16.45,16.452
142,16.54,16.54,16.508,16.508
143,16.295,16.338,16.285,16.338
144,16.621,16.621,16.621,16.621
145,16.55,16.55,16.481,16.481
149,16.305,16.305,16.305,16.305
150,16.34,16.505,16.26,16.479
151,16.5,16.5,16.402,16.402
152,16.388,16.388,16.388,16.388
155,16.379,16.379,16.379,16.379
156,16.355,16.495,16.355,16.491
157,16.465,16.642,16.455,16.642
158,16.725,16.865,16.68,16.766
159,16.735,16.76,16.694,16.694
162,16.87,16.91,16.87,16.905
163,16.849,16.849,16.849,16.849
164,16.953,17.07,16.953,16.953
165,17.12,17.285,17.115,17.226
166,17.12,17.285,16.452,16.452
169,16.412,16.412,16.412,16.412
170,16.305,16.33,16.3,16.303
171,16.289,16.289,16.289,16.289
172,16.306,16.306,16.306,16.306
173,16.305,16.439,16.295,16.439
176,16.31,16.31,16.295,16.308
177,16.238,16.238,16.238,16.238
178,16.139,16.139,16.139,16.139
179,16.035,16.095,15.88,15.951
180,15.965,16.115,15.91,16.104
183,16.055,16.055,15.73,15.744
184,15.79,15.98,15.74,15.952
186,16.015,16.05,15.895,16.008
187,15.945,16.0,15.93,15.981
190,16.17,16.17,16.053,16.053
191,16.003,16.003,16.003,16.003
192,15.732,15.735,15.732,15.732
193,15.87,15.935,15.87,15.898
194,15.905,15.905,15.71,15.739
197,15.725,15.735,15.725,15.735
198,15.71,15.71,15.505,15.546
199,15.42,15.503,15.355,15.503
200,15.21,15.34,15.135,15.34
201,15.4,15.49,15.4,15.49
204,15.505,15.505,15.355,15.368
205,15.345,15.495,15.345,15.463
206,15.435,15.533,15.435,15.533
207,15.57,15.57,15.375,15.438
208,15.355,15.495,15.355,15.436
211,15.44,15.475,15.41,15.475
212,15.555,15.555,15.5,15.5
213,15.42,15.42,15.394,15.394
214,15.375,15.375,15.26,15.329
215,15.455,15.455,15.406,15.406
218,15.292,15.292,15.292,15.292
219,15.317,15.317,15.317,15.317
220,15.376,15.39,15.376,15.376
221,15.419,15.419,15.419,15.419
222,15.425,15.425,15.266,15.266
225,15.24,15.24,14.953,14.953
226,15.025,15.025,15.025,15.025
227,15.04,15.04,14.395,14.421
228,14.66,14.71,14.635,14.697
229,14.625,14.75,14.595,14.616
232,14.7,14.7,14.63,14.655
233,14.751,14.751,14.751,14.751
234,14.7,14.735,14.7,14.735
235,14.625,14.625,14.485,14.527
236,14.47,14.82,14.47,14.779
239,14.844,14.844,14.844,14.844
240,14.82,14.82,14.767,14.767
241,14.688,14.688,14.688,14.688
242,14.685,14.71,14.43,14.477
243,14.485,14.65,14.425,14.438
247,14.4,14.4,13.96,14.061
248,14.085,14.165,14.05,14.118
249,14.13,14.225,14.05,14.075
250,14.095,14.14,14.04,14.067
253,14.04,14.145,14.04,14.079
254,14.11,14.11,13.91,14.052
255,14.065,14.192,14.005,14.192
256,14.135,14.255,14.135,14.143
257,14.11,14.175,14.03,14.042
260,13.98,14.13,13.98,14.122
261,14.115,14.115,14.06,14.084
262,14.21,14.215,14.189,14.189
263,14.19,14.245,14.19,14.215
264,14.265,14.269,14.26,14.269
267,14.25,14.32,14.205,14.251
268,14.42,14.44,14.398,14.398
269,14.33,14.33,14.305,14.305
270,14.32,14.385,14.12,14.201
271,14.18,14.623,14.18,14.623
274,14.35,14.422,14.35,14.422
275,14.42,14.74,14.42,14.61
276,14.735,14.735,14.59,14.59
277,14.51,14.51,14.51,14.51
278,14.569,14.569,14.569,14.569
281,14.215,14.259,14.215,14.259
282,14.329,14.329,14.329,14.329
283,14.255,14.26,14.255,14.255
284,14.26,14.565,14.23,14.535
285,14.564,14.564,14.564,14.564
288,14.656,14.665,14.656,14.656
289,14.63,14.63,14.63,14.63
290,14.592,14.592,14.592,14.592
291,14.533,14.533,14.533,14.533
292,14.579,14.579,14.579,14.579
295,14.522,14.522,14.522,14.522
296,14.728,14.728,14.728,14.728
297,14.665,14.665,14.611,14.611
298,14.565,14.565,14.565,14.565
299,14.635,14.635,14.635,14.635
302,14.377,14.377,14.377,14.377
303,14.46,14.46,14.34,14.403
304,14.42,14.42,14.229,14.229
305,14.729,14.729,14.729,14.729
306,14.707,14.707,14.707,14.707
309,14.604,14.604,14.604,14.604
310,14.58,14.58,14.458,14.458
311,14.54,14.645,14.528,14.528
312,14.386,14.386,14.386,14.386
313,14.103,14.103,14.103,14.103
316,14.1,14.1,13.974,13.974
317,14.0,14.015,13.945,13.952
318,14.055,14.055,14.055,14.055
319,14.237,14.237,14.237,14.237
320,14.358,14.358,14.358,14.358
323,14.381,14.381,14.381,14.381
324,14.38,14.38,14.247,14.247
325,14.34,14.48,14.33,14.48
327,14.235,14.235,14.221,14.221
330,14.183,14.183,14.183,14.183
331,14.062,14.062,14.062,14.062
332,14.303,14.303,14.303,14.303
333,14.29,14.335,14.205,14.273
334,14.27,14.28,13.985,14.094
337,14.21,14.475,14.185,14.381
338,14.385,14.521,14.385,14.521
340,14.42,14.42,14.33,14.39
341,14.405,14.572,14.405,14.572
344,14.565,14.565,14.478,14.478
345,14.5,14.685,14.499,14.499
346,14.62,14.73,14.62,14.725
347,14.729,14.729,14.725,14.729
348,14.49,14.513,14.49,14.513
351,14.56,14.639,14.56,14.639
352,14.605,14.605,14.585,14.585
353,14.702,14.702,14.702,14.702
354,14.53,14.753,14.53,14.753
355,14.583,14.583,14.583,14.583
358,14.701,14.701,14.701,14.701
360,14.98,15.05,14.98,15.004
361,15.191,15.191,15.191,15.191
362,15.19,15.326,15.19,15.326
365,15.41,15.445,15.41,15.433
2,15.52,15.57,15.42,15.542
3,15.706,15.706,15.706,15.706
4,15.69,15.695,15.62,15.695
7,15.75,15.75,15.669,15.669
8,15.626,15.626,15.626,15.626
9,15.7,15.7,15.653,15.653
10,15.561,15.561,15.561,15.561
11,15.595,15.615,15.577,15.577
14,15.59,15.615,15.59,15.609
15,15.61,15.625,15.546,15.546
16,15.535,15.6,15.535,15.564
17,15.467,15.51,15.467,15.467
18,15.33,15.33,15.29,15.33
22,15.295,15.295,15.14,15.259
23,15.31,15.32,15.28,15.317
24,15.238,15.27,15.238,15.238
25,15.25,15.639,15.25,15.639
28,15.595,15.709,15.595,15.709
29,15.786,15.786,15.786,15.786
30,15.805,15.885,15.805,15.88
31,16.06,16.14,16.0,16.022
32,16.01,16.01,15.86,15.88
35,15.837,15.837,15.837,15.837
36,15.79,15.79,15.79,15.79
37,15.71,15.71,15.656,15.656
38,15.66,15.69,15.66,15.675
39,15.82,15.82,15.773,15.773
42,15.657,15.657,15.65,15.657
43,15.66,15.66,15.66,15.66
44,15.71,15.755,15.605,15.624
45,15.5,15.5,15.5,15.5
46,15.723,15.723,15.723,15.723
50,15.947,15.947,15.947,15.947
51,16.157,16.157,16.06,16.157
52,15.97,15.97,15.791,15.791
53,15.908,15.908,15.908,15.908
56,15.945,15.945,15.825,15.825
57,15.827,15.827,15.827,15.827
58,15.89,15.92,15.645,15.672
59,15.675,15.765,15.52,15.538
60,15.555,15.575,15.08,15.169
63,15.17,15.205,15.005,15.017
64,15.025,15.075,15.005,15.02
65,15.025,15.025,14.975,15.003
66,15.025,15.025,14.92,14.96
67,15.045,15.272,15.045,15.272
70,15.215,15.215,15.197,15.197
71,15.338,15.4,15.338,15.338
72,15.375,15.42,15.37,15.381
73,15.185,15.185,15.09,15.101
74,15.245,15.255,15.22,15.253
77,15.251,15.251,15.251,15.251
78,15.315,15.315,15.3,15.301
79,15.285,15.29,15.22,15.245
80,15.52,15.52,15.372,15.372
81,15.345,15.345,15.345,15.345
84,15.515,15.515,15.5,15.507
85,15.4,15.42,15.371,15.371
86,15.239,15.239,15.239,15.239
87,15.23,15.235,14.91,14.921
88,14.93,15.065,14.93,15.06
91,15.035,15.135,15.0,15.051
92,14.94,15.025,14.94,15.018
93,15.02,15.059,15.02,15.059
94,15.041,15.041,15.041,15.041
95,15.043,15.043,15.043,15.043
98,15.173,15.173,15.173,15.173
99,15.26,15.26,15.168,15.168
100,15.17,15.205,15.095,15.201
101,15.14,15.14,14.824,14.824
102,14.92,14.92,14.92,14.92
105,14.948,14.948,14.948,14.948
106,14.891,14.891,14.891,14.891
107,14.921,14.921,14.921,14.921
108,14.89,14.937,14.89,14.937
112,14.957,14.957,14.957,14.957
113,14.773,14.773,14.773,14.773
114,14.898,14.898,14.898,14.898
115,14.885,14.885,14.861,14.861
116,15.002,15.002,15.002,15.002
119,15.03,15.035,14.82,14.844
120,14.87,14.96,14.77,14.9
121,14.885,14.89,14.57,14.645
122,14.6,14.625,14.525,14.54
123,14.56,14.907,14.56,14.907
126,14.87,14.92,14.725,14.857
127,14.85,14.865,14.77,14.86
128,14.89,14.895,14.785,14.792
129,14.705,14.72,14.7,14.707
130,14.72,14.73,14.69,14.726
133,14.72,14.72,14.585,14.713
134,14.71,14.752,14.71,14.752
135,14.755,14.765,14.752,14.752
136,14.755,14.755,14.44,14.479
137,14.485,14.58,14.345,14.348
140,14.365,14.42,14.34,14.409
141,14.405,14.405,14.325,14.373
142,14.4,14.425,14.39,14.414
143,14.545,14.577,14.54,14.577
144,14.55,14.55,14.52,14.52
148,14.3,14.31,14.245,14.281
149,14.372,14.372,14.372,14.372
150,14.355,14.485,14.305,14.46
151,14.465,14.54,14.465,14.53
154,14.72,14.72,14.703,14.703
155,14.75,14.75,14.732,14.732
156,15.0,15.0,14.754,14.754
157,14.89,14.89,14.868,14.868
158,15.0,15.125,14.994,14.994
161,14.605,14.605,14.605,14.605
162,14.706,14.706,14.706,14.706
163,14.722,14.722,14.722,14.722
164,14.871,14.871,14.871,14.871
165,14.782,14.782,14.782,14.782
168,14.814,14.814,14.814,14.814
169,14.98,14.98,14.98,14.98
170,14.945,14.945,14.945,14.945
171,15.469,15.469,15.469,15.469
172,15.295,15.305,15.26,15.273
175,15.368,15.368,15.368,15.368
176,15.291,15.291,15.291,15.291
177,15.283,15.283,15.283,15.283
178,15.275,15.275,15.12,15.205
179,15.22,15.295,15.18,15.253
182,15.17,15.245,15.075,15.106
183,15.125,15.2,14.995,15.154
184,15.42,15.42,15.24,15.252
186,15.245,15.25,14.885,14.918
189,14.965,15.06,14.925,14.972
190,15.045,15.068,15.045,15.068
191,15.055,15.147,15.0,15.147
192,15.225,15.23,15.067,15.067
193,15.075,15.185,15.055,15.161
196,15.26,15.29,15.26,15.29
197,15.295,15.645,15.295,15.6
198,15.73,15.893,15.73,15.893
199,15.98,16.12,15.98,16.12
200,16.275,16.505,16.117,16.117
203,16.295,16.34,16.29,16.34
204,16.405,16.405,16.405,16.405
205,16.3,16.554,16.3,16.554
206,16.4,16.415,16.339,16.339
207,16.42,16.425,16.325,16.325
210,16.368,16.368,16.368,16.368
211,16.37,16.55,16.37,16.495
212,16.51,16.51,16.22,16.346
213,16.105,16.3,15.895,16.121
214,16.135,16.222,16.06,16.222
217,16.15,16.435,16.125,16.345
218,16.405,16.405,16.405,16.405
219,17.156,17.156,17.156,17.156
220,16.901,16.901,16.901,16.901
221,16.897,16.897,16.897,16.897
224,16.875,17.039,16.86,17.039
225,17.31,17.315,16.956,16.956
226,17.253,17.253,17.253,17.253
227,17.188,17.188,17.188,17.188
228,17.096,17.096,17.096,17.096
231,16.914,16.914,16.914,16.914
232,17.065,17.122,17.065,17.122
233,17.125,17.125,17.12,17.125
234,17.014,17.014,17.014,17.014
235,17.395,17.395,17.395,17.395
238,17.54,17.624,17.54,17.624
239,18.139,18.139,18.139,18.139
240,18.24,18.304,18.235,18.304
241,18.3,18.615,17.985,18.167
242,18.195,18.41,18.02,18.185
246,18.45,19.225,18.25,19.079
247,19.215,19.54,19.215,19.391
248,19.485,19.485,18.425,18.656
249,18.63,18.685,17.968,17.968
252,18.205,18.205,17.95,18.019
253,17.77,18.085,17.77,18.041
254,18.065,18.07,18.03,18.031
255,18.07,18.165,18.03,18.041
256,18.005,18.005,17.405,17.436
259,17.78,17.901,17.78,17.901
260,18.016,18.016,18.016,18.016
261,17.795,17.795,17.795,17.795
262,17.815,17.815,17.725,17.773
263,17.755,17.95,17.738,17.738
266,18.215,18.6,18.21,18.6
267,18.52,18.52,18.517,18.517
268,18.57,18.57,17.962,17.962
269,17.91,17.91,17.801,17.801
270,17.82,17.83,17.33,17.552
273,17.495,17.505,16.898,16.898
274,16.925,17.26,16.925,17.202
275,17.175,17.592,17.155,17.592
276,17.505,17.635,17.45,17.585
277,17.44,17.54,17.32,17.54
280,17.45,17.53,17.45,17.457
281,17.64,17.64,17.617,17.617
282,17.728,17.75,17.72,17.728
283,17.6,17.6,17.49,17.52
284,17.595,17.595,17.35,17.462
287,17.525,17.634,17.525,17.634
288,17.455,17.455,17.308,17.308
289,17.22,17.351,17.175,17.351
290,17.3,17.536,17.3,17.536
291,17.47,17.502,17.465,17.502
294,17.51,17.53,17.505,17.526
295,17.49,17.49,17.437,17.437
296,17.485,17.56,17.485,17.517
297,17.739,17.739,17.739,17.739
298,17.861,17.945,17.861,17.861
301,17.89,17.89,17.77,17.816
302,17.771,17.771,17.771,17.771
303,17.79,17.82,17.715,17.815
304,18.014,18.014,18.014,18.014
305,18.03,18.03,18.004,18.004
308,18.014,18.014,18.014,18.014
309,18.025,18.025,17.516,17.516
310,17.525,17.558,17.37,17.558
311,17.54,17.565,16.97,16.97
312,16.845,16.875,16.765,16.783
315,16.675,16.762,16.675,16.762
316,16.8,16.805,16.675,16.677
317,16.765,16.898,16.765,16.898
318,16.87,17.013,16.87,17.013
319,16.96,16.97,16.8,16.933
322,16.985,16.985,16.985,16.985
323,17.103,17.103,17.103,17.103
324,17.1,17.1,17.1,17.1
325,17.05,17.05,17.05,17.05
326,16.985,16.985,16.985,16.985
329,16.871,16.871,16.871,16.871
330,17.03,17.03,17.03,17.03
331,17.06,17.065,16.875,16.912
333,16.9,16.985,16.8,16.969
336,16.915,16.92,16.785,16.836
337,16.86,17.16,16.81,17.125
338,17.115,17.24,16.755,16.797
339,16.84,16.942,16.78,16.942
340,16.82,16.825,16.465,16.481
343,16.475,16.56,16.47,16.532
344,16.555,16.61,16.555,16.596
345,16.545,16.83,16.545,16.744
346,16.83,17.015,16.74,16.845
347,16.88,16.912,16.825,16.912
350,16.98,17.019,16.94,17.019
351,16.995,17.0,16.975,16.978
352,16.985,17.0,16.845,16.953
353,16.985,17.075,16.975,17.058
354,17.18,17.18,17.128,17.128
357,17.355,17.41,17.355,17.403
358,17.52,17.757,17.515,17.757
360,17.91,17.985,17.88,17.894
361,17.93,17.93,17.849,17.849
364,17.9,17.91,17.85,17.908
365,18.065,18.065,17.8,17.828
2,17.966,17.99,17.966,17.966
3,18.11,18.11,17.965,18.068
6,18.025,18.105,18.025,18.097
7,18.015,18.345,18.015,18.316
8,18.4,18.505,18.07,18.088
9,17.76,17.86,17.76,17.86
10,18.033,18.033,18.033,18.033
13,17.97,18.02,17.926,17.926
14,17.855,17.875,17.674,17.674
15,17.923,17.923,17.923,17.923
16,17.95,17.95,17.875,17.875
17,18.013,18.013,18.013,18.013
21,17.751,17.751,17.751,17.751
22,17.771,17.771,17.771,17.771
23,17.73,17.773,17.73,17.773
24,17.87,18.057,17.87,18.057
27,18.0,18.0,18.0,18.0
28,17.605,17.605,17.402,17.402
29,17.45,17.45,17.37,17.431
30,17.54,17.965,17.54,17.952
31,17.972,17.972,17.972,17.972
34,17.795,17.8,17.6,17.64
35,17.528,17.528,17.528,17.528
36,17.569,17.569,17.569,17.569
37,17.789,17.789,17.789,17.789
38,17.665,17.665,17.665,17.665
41,17.78,17.78,17.758,17.758
42,17.695,17.715,17.573,17.573
43,17.478,17.478,17.478,17.478
44,17.6,17.6,17.6,17.6
45,17.715,17.715,17.715,17.715
49,18.131,18.131,18.131,18.131
50,18.145,18.292,18.145,18.292
51,18.309,18.309,18.309,18.309
52,18.565,18.565,18.48,18.521
55,18.69,18.868,18.69,18.868
56,18.183,18.183,18.183,18.183
57,17.826,17.826,17.826,17.826
58,17.865,18.08,17.58,17.658
59,17.69,17.795,16.34,16.387
62,16.495,16.975,16.39,16.679
63,16.875,17.32,16.74,17.129
64,17.19,17.245,17.05,17.187
65,17.155,17.405,17.12,17.342
66,17.46,17.485,17.0,17.214
69,17.435,17.435,16.57,17.001
70,16.85,17.145,16.765,16.906
71,16.855,16.86,16.64,16.729
72,16.43,16.615,15.6,15.961
73,15.755,15.765,14.425,14.456
76,14.885,14.885,11.85,12.772
77,12.55,12.71,12.415,12.469
78,12.56,12.825,11.735,11.735
79,12.07,12.205,11.895,12.097
80,12.08,12.86,12.08,12.349
83,12.9,13.225,12.9,13.225
84,13.36,14.229,13.36,14.229
85,14.715,14.837,14.455,14.837
86,14.83,14.845,14.64,14.64
87,14.335,14.498,14.335,14.498
90,14.1,14.25,13.9,14.074
91,13.98,14.245,13.98,14.098
92,14.08,14.1,13.9,13.926
93,14.18,14.596,14.155,14.596
94,14.59,14.59,14.436,14.436
97,14.55,15.111,14.55,15.111
98,15.465,15.6,15.422,15.422
99,15.16,15.16,15.147,15.147
100,15.14,15.995,15.14,15.995
104,15.479,15.479,15.479,15.479
105,16.01,16.072,16.01,16.072
106,16.005,16.005,15.447,15.447
107,15.564,15.564,15.564,15.564
108,15.237,15.237,15.237,15.237
111,15.556,15.556,15.556,15.556
112,15.43,15.43,14.818,14.818
113,15.277,15.277,15.277,15.277
114,15.43,15.665,15.348,15.348
115,15.254,15.254,15.254,15.254
118,15.201,15.201,15.201,15.201
119,15.01,15.162,14.995,15.162
120,15.215,15.47,15.125,15.16
121,15.4,15.775,14.795,14.898
122,15.005,15.045,14.855,14.863
125,15.025,15.09,14.695,14.722
126,14.78,15.11,14.71,15.057
127,15.0,15.3,14.875,14.987
128,15.125,15.585,15.125,15.562
129,15.555,15.8,15.5,15.74
132,15.585,15.636,15.585,15.636
133,15.687,15.687,15.687,15.687
134,15.73,15.73,15.663,15.663
135,16.005,16.136,16.005,16.136
136,16.54,17.046,16.505,17.046
139,17.22,17.585,17.22,17.464
140,17.7,17.892,17.7,17.892
141,18.025,18.04,17.93,18.002
142,17.43,17.43,17.335,17.335
143,17.385,17.69,17.385,17.664
147,17.885,17.885,17.555,17.565
148,17.686,17.686,17.686,17.686
149,17.785,17.925,17.785,17.895
150,17.865,18.44,17.865,18.44
153,18.785,18.815,18.57,18.768
154,18.207,18.35,18.207,18.207
155,17.69,17.921,17.645,17.921
156,17.85,18.024,17.85,18.024
157,17.5,17.505,17.443,17.443
160,17.78,17.885,17.78,17.868
161,17.83,17.83,17.715,17.774
162,17.776,17.776,17.776,17.776
163,18.085,18.085,17.83,17.869
164,17.75,17.75,17.462,17.462
167,17.379,17.5,17.379,17.379
168,17.545,17.75,17.48,17.632
169,17.52,17.757,17.52,17.757
170,17.493,17.495,17.493,17.493
171,17.832,17.832,17.832,17.832
174,17.887,17.887,17.887,17.887
175,18.005,18.051,18.005,18.051
176,17.79,17.815,17.658,17.658
177,17.765,17.883,17.755,17.883
178,18.023,18.023,18.023,18.023
181,17.97,18.15,17.825,17.98
182,18.025,18.541,17.94,18.541
183,18.485,18.705,18.08,18.133
184,18.215,18.244,17.945,18.244
188,18.225,18.645,18.21,18.504
189,18.22,18.628,18.22,18.628
190,18.655,19.13,18.655,19.081
191,19.095,19.365,18.835,18.882
192,19.03,19.03,18.983,18.983
195,19.155,19.709,19.155,19.709
196,19.37,19.465,19.255,19.451
197,19.6,19.715,19.485,19.685
198,19.79,19.795,19.497,19.497
199,19.35,19.71,19.35,19.685
202,20.2,20.275,20.123,20.124
203,20.285,21.565,20.275,21.497
204,22.65,23.305,21.895,23.083
205,23.07,23.325,22.665,22.945
206,23.065,23.07,22.808,22.808
209,24.325,24.71,24.195,24.476
210,26.02,26.02,23.945,24.266
211,24.21,24.293,24.21,24.293
212,24.26,24.26,23.115,23.34
213,23.59,24.385,23.565,24.189
216,24.39,24.39,24.39,24.39
217,25.9,26.215,25.775,26.012
218,26.025,27.06,26.025,26.877
219,27.685,28.85,27.535,28.387
220,29.53,29.53,27.525,27.533
223,28.2,29.249,28.115,29.249
224,28.96,28.96,24.5,26.037
225,25.245,25.955,25.245,25.955
226,26.385,27.694,26.38,27.694
227,27.225,27.685,25.905,26.065
230,26.735,27.643,26.57,27.643
231,27.295,28.26,27.295,28.049
232,27.465,27.815,27.315,27.315
233,27.122,27.122,27.122,27.122
234,27.475,27.475,26.707,26.707
237,26.78,26.78,26.588,26.588
238,26.785,26.785,26.254,26.254
239,26.995,27.43,26.955,27.43
240,26.81,27.165,26.81,27.01
241,27.12,27.82,26.89,27.61
244,27.725,28.485,27.72,28.437
245,28.35,29.05,27.86,28.486
246,28.165,28.27,27.225,27.249
247,27.555,27.555,26.49,26.735
248,26.8,26.95,26.395,26.576
252,26.92,27.07,26.005,26.864
253,26.58,27.145,26.58,26.955
254,27.163,27.163,27.163,27.163
255,27.09,27.095,26.739,26.739
258,26.91,27.35,26.91,27.229
259,27.525,27.545,27.17,27.346
260,27.32,27.485,27.1,27.355
261,27.235,27.235,26.52,26.985
262,27.285,27.31,27.028,27.028
265,26.33,26.33,24.075,24.299
266,24.46,24.57,24.16,24.442
267,24.0,24.0,23.0,23.014
268,22.0,23.25,21.96,23.118
269,22.75,23.017,22.73,23.017
272,22.74,23.528,22.695,23.528
273,23.745,24.44,23.65,24.38
274,24.36,24.36,23.355,23.433
275,23.395,24.193,23.395,24.193
276,23.735,24.15,23.58,23.971
279,23.835,24.545,23.785,24.502
280,24.47,24.47,23.87,23.87
281,23.495,23.91,23.455,23.848
282,24.07,24.175,23.837,23.837
283,24.32,25.235,24.32,25.069
286,25.285,25.46,25.226,25.226
287,25.09,25.11,24.086,24.086
288,24.364,24.364,24.364,24.364
289,24.193,24.193,24.193,24.193
290,24.23,24.369,24.23,24.369
293,24.755,24.815,24.657,24.657
294,24.937,24.937,24.937,24.937
295,24.79,25.295,24.79,25.197
296,24.665,24.665,24.665,24.665
297,24.627,24.627,24.627,24.627
300,24.376,24.376,24.376,24.376
301,24.37,24.526,24.32,24.526
302,23.324,23.324,23.324,23.324
303,23.045,23.339,22.96,23.339
304,23.617,23.617,23.617,23.617
307,24.015,24.2,24.006,24.006
308,24.305,24.305,24.16,24.305
309,23.68,24.005,23.68,23.864
310,24.8,25.171,24.8,25.171
311,25.225,25.91,25.2,25.646
314,23.685,23.685,23.685,23.685
315,24.215,24.446,24.21,24.446
316,23.945,24.251,23.945,24.251
317,24.29,24.29,24.29,24.29
318,24.759,24.759,24.759,24.759
321,24.786,24.786,24.786,24.786
322,24.76,24.76,24.635,24.635
323,24.433,24.433,24.433,24.433
324,24.033,24.033,24.033,24.033
325,24.348,24.348,24.348,24.348
328,23.624,23.624,23.624,23.624
329,23.33,23.33,23.292,23.292
330,23.356,23.356,23.356,23.356
332,23.375,23.505,22.325,22.553
335,22.74,22.74,22.005,22.534
336,22.665,24.095,22.65,24.033
337,23.915,24.375,23.64,24.025
338,24.1,24.34,24.005,24.087
339,24.12,24.495,24.08,24.203
342,24.235,24.85,23.715,24.741
343,24.755,24.765,24.63,24.684
344,24.655,24.655,23.78,23.93
345,23.945,24.31,23.945,24.031
346,23.985,24.05,23.955,24.032
349,24.16,24.16,23.985,23.985
350,24.075,24.581,24.075,24.581
351,25.15,25.5,24.82,24.985
352,25.45,26.18,25.45,26.1
353,26.12,26.12,25.949,25.949
356,26.005,26.99,25.41,26.278
357,26.475,26.67,25.275,25.434
358,25.555,25.824,25.555,25.824
359,25.811,25.811,25.811,25.811
363,26.8,26.82,26.455,26.46
364,26.25,26.25,26.138,26.138
365,26.32,26.525,26.26,26.488
366,26.53,26.54,26.332,26.332
4,27.284,27.284,27.284,27.284
5,27.571,27.571,27.571,27.571
6,27.425,27.425,26.973,26.973
7,27.2,27.2,27.2,27.2
8,24.582,25.325,24.582,24.582
11,25.52,25.52,24.725,25.239
12,25.14,25.385,25.105,25.384
13,25.545,25.545,25.5,25.52
14,25.746,25.746,25.746,25.746
15,25.43,25.47,24.825,24.825
19,24.915,25.279,24.915,25.279
20,25.425,25.734,25.415,25.734
21,25.822,25.822,25.822,25.822
22,25.524,25.54,25.524,25.524
25,25.455,25.455,25.455,25.455
26,25.529,25.529,25.529,25.529
27,25.376,25.376,25.376,25.376
28,25.085,27.01,24.93,25.909
29,26.64,27.575,26.37,26.9
32,28.36,30.16,28.3,29.398
33,28.645,28.93,26.384,26.384
34,26.94,27.025,26.86,26.878
35,26.675,26.675,26.005,26.223
36,26.43,27.014,26.43,27.014
39,27.28,27.57,27.28,27.57
40,27.425,27.445,27.29,27.396
41,27.105,27.105,27.074,27.074
42,27.17,27.17,26.91,27.042
43,27.323,27.323,27.323,27.323
47,27.51,27.51,27.06,27.319
48,27.314,27.314,27.314,27.314
49,27.125,27.125,27.077,27.077
50,27.505,27.55,27.252,27.252
53,28.083,28.1,28.083,28.083
54,27.686,27.686,27.686,27.686
55,27.857,27.857,27.857,27.857
56,28.03,28.265,27.295,27.637
57,27.455,27.56,26.18,26.402
60,26.69,26.99,26.49,26.647
61,26.385,26.85,25.86,26.85
62,26.805,26.805,25.935,26.357
63,26.12,26.33,25.21,25.434
64,25.345,25.37,24.905,25.257
67,25.52,25.71,25.0,25.24
68,25.225,26.148,25.225,26.148
69,26.01,26.28,25.78,26.102
70,26.15,26.41,26.04,26.162
71,26.145,26.2,25.46,25.88
74,26.2,26.335,25.925,26.253
75,26.13,26.145,25.92,25.974
76,25.805,26.53,25.795,26.03
77,26.435,26.435,25.9,26.321
78,26.055,26.292,26.055,26.292
81,25.955,25.955,25.54,25.741
82,25.615,25.695,25.095,25.2
83,25.25,25.345,25.19,25.201
84,25.15,25.15,24.505,25.022
85,25.185,25.185,25.04,25.092
88,24.855,24.91,24.51,24.747
89,24.7,24.7,23.965,24.121
90,24.32,24.517,24.32,24.517
91,24.35,24.935,24.35,24.935
95,24.935,24.935,24.763,24.763
96,25.05,25.215,25.05,25.212
97,25.065,25.25,25.065,25.233
98,25.569,25.569,25.569,25.569
99,25.311,25.311,25.311,25.311
102,25.145,25.165,24.805,24.853
103,25.417,25.417,25.417,25.417
104,25.515,25.515,25.515,25.515
105,25.956,25.956,25.956,25.956
106,26.099,26.099,26.099,26.099
109,26.205,26.205,25.831,25.831
110,25.855,25.855,25.835,25.835
111,26.525,26.565,26.525,26.565
112,26.34,26.34,26.174,26.174
113,26.24,26.24,26.025,26.077
116,26.06,26.25,26.06,26.211
117,26.412,26.412,26.412,26.412
118,26.081,26.081,26.081,26.081
119,26.28,26.545,25.735,26.053
120,26.155,26.215,25.84,25.853
123,25.875,27.075,25.875,26.943
124,27.03,27.04,26.25,26.539
125,26.555,26.57,26.27,26.502
126,26.56,27.555,26.555,27.462
127,27.635,27.635,27.335,27.462
130,27.71,27.915,27.37,27.479
131,27.285,27.68,27.28,27.657
132,27.46,27.64,27.231,27.231
133,27.12,27.145,26.855,27.044
134,27.03,27.5,27.03,27.353
137,28.26,28.33,28.26,28.26
138,28.63,28.68,28.314,28.314
139,27.81,28.008,27.62,28.008
140,27.92,28.052,27.72,28.052
141,28.08,28.12,27.39,27.473
144,27.885,27.9,27.74,27.887
145,27.75,28.037,27.67,28.037
146,27.853,27.853,27.853,27.853
147,27.755,27.92,27.695,27.919
148,27.745,27.993,27.54,27.993
152,28.005,28.58,27.995,28.083
153,27.93,28.186,27.785,28.186
154,27.19,27.46,27.19,27.46
155,27.879,27.879,27.879,27.879
158,27.615,28.001,27.615,28.001
159,28.01,28.01,27.705,27.715
160,27.695,27.985,27.695,27.985
161,27.9,28.025,27.71,28.015
162,28.115,28.36,28.115,28.131
165,27.895,28.105,27.825,28.024
166,27.985,27.985,27.57,27.679
167,27.8,27.8,27.8,27.8
168,25.844,25.844,25.844,25.844
169,26.425,26.43,25.958,25.958
172,26.015,26.015,26.015,26.015
173,25.848,25.848,25.848,25.848
174,26.108,26.108,26.108,26.108
175,26.047,26.047,26.047,26.047
176,26.175,26.175,26.082,26.082
179,26.218,26.218,26.218,26.218
180,26.2,26.21,25.56,25.872
181,25.84,26.23,25.84,26.165
182,26.215,26.42,26.05,26.075
183,26.11,26.675,26.105,26.481
187,26.725,26.87,26.154,26.154
188,26.2,26.5,26.07,26.11
189,26.16,26.29,25.89,25.967
190,25.965,26.215,25.835,26.211
193,26.185,26.3,26.06,26.217
194,26.205,26.205,26.1,26.115
195,26.1,26.445,26.1,26.246
196,26.42,26.445,26.265,26.375
197,26.43,26.43,25.65,25.777
200,25.61,25.61,25.045,25.126
201,25.195,25.195,24.855,24.977
202,25.155,25.238,24.955,25.238
203,25.245,25.365,25.24,25.365
204,25.43,25.43,25.13,25.218
207,25.295,25.295,25.295,25.295
208,25.2,25.265,24.632,24.632
209,24.735,24.856,24.725,24.856
210,25.04,25.855,25.04,25.764
211,25.545,25.665,25.5,25.528
214,25.45,25.557,25.45,25.557
215,25.39,25.566,25.285,25.566
216,25.61,25.97,25.446,25.446
217,25.52,25.52,25.277,25.277
218,24.49,24.49,24.25,24.312
221,23.255,23.255,23.255,23.255
222,23.485,23.485,23.377,23.377
223,23.474,23.474,23.474,23.474
224,23.105,23.105,23.105,23.105
225,23.35,23.795,23.35,23.768
228,23.78,23.78,23.78,23.78
229,23.648,23.648,23.648,23.648
230,23.28,23.455,23.28,23.412
231,23.22,23.22,23.22,23.22
232,23.105,23.105,23.105,23.105
235,23.15,23.65,23.14,23.649
236,23.89,23.89,23.89,23.89
237,23.835,23.835,23.771,23.771
238,23.545,23.555,23.545,23.546
239,23.73,24.06,23.715,24.06
242,24.045,24.22,23.905,23.96
243,24.06,24.195,23.815,23.96
244,23.85,24.255,23.79,24.177
245,24.16,24.18,23.775,23.875
246,23.905,24.81,23.905,24.762
250,24.81,24.81,24.185,24.334
251,24.355,24.4,23.94,24.012
252,23.955,24.24,23.845,24.133
253,24.135,24.135,23.855,23.855
256,23.69,23.755,23.325,23.753
257,23.66,23.85,23.64,23.842
258,23.8,23.8,23.759,23.759
259,23.515,23.515,22.61,22.752
260,22.89,22.905,22.295,22.295
263,22.375,22.375,22.14,22.163
264,22.525,22.573,22.47,22.573
265,22.8,23.045,22.8,22.869
266,22.65,22.65,22.642,22.642
267,22.585,22.585,22.09,22.388
270,22.605,23.735,22.605,22.657
271,22.175,22.46,22.175,22.43
272,22.43,22.515,21.459,21.459
273,22.035,22.035,22.021,22.021
274,22.51,22.51,22.51,22.51
277,22.618,22.618,22.618,22.618
278,22.582,22.582,22.582,22.582
279,22.475,22.506,22.375,22.506
280,22.632,22.632,22.632,22.632
281,22.57,23.005,22.57,22.679
284,22.64,22.64,22.64,22.64
285,22.57,22.575,22.491,22.491
286,23.149,23.149,23.149,23.149
287,23.46,23.46,23.456,23.456
288,23.328,23.328,23.328,23.328
291,23.28,23.28,23.215,23.243
292,24.07,24.07,23.862,23.862
293,24.424,24.424,24.424,24.424
294,24.48,24.48,24.14,24.15
295,24.429,24.429,24.37,24.429
298,24.575,24.575,24.572,24.572
299,24.086,24.086,24.086,24.086
300,24.16,24.189,24.16,24.189
301,24.21,24.245,24.117,24.117
302,23.8,23.945,23.8,23.945
305,24.0,24.1,24.0,24.064
306,23.5,23.5,23.5,23.5
307,23.57,23.58,23.225,23.226
308,23.69,23.906,23.69,23.906
309,23.845,24.235,23.835,24.152
312,24.275,24.555,24.275,24.537
313,24.313,24.313,24.313,24.313
314,24.767,24.767,24.767,24.767
315,25.3,25.301,25.295,25.301
316,25.345,25.41,24.925,25.344
319,25.24,25.285,25.065,25.107
320,25.005,25.005,24.875,24.944
321,24.88,25.21,24.88,25.167
322,25.155,25.21,24.82,24.901
323,24.87,24.875,24.78,24.78
326,24.54,24.54,24.19,24.297
327,23.4,23.605,23.4,23.435
328,23.496,23.496,23.496,23.496
330,23.107,23.107,23.107,23.107
333,23.135,23.415,22.73,22.799
334,22.885,23.26,22.705,22.765
335,22.77,22.995,22.155,22.299
336,22.295,22.4,22.24,22.28
337,22.41,22.47,22.04,22.445
340,22.49,22.49,22.1,22.228
341,22.385,22.56,22.375,22.487
342,22.43,22.445,22.31,22.39
343,22.28,22.285,21.89,21.974
344,21.885,22.165,21.8,22.16
347,22.245,22.29,22.13,22.29
348,22.25,22.25,21.66,21.887
349,21.5,21.64,21.5,21.508
350,22.135,22.455,22.12,22.455
351,22.45,22.507,22.45,22.507
354,22.3,22.37,22.275,22.275
355,22.225,22.74,22.225,22.502
356,22.465,22.792,22.465,22.792
357,22.81,22.931,22.72,22.931
361,22.68,22.98,22.68,22.979
362,23.055,23.295,23.055,23.111
363,23.005,23.005,22.635,22.848
364,22.775,23.085,22.62,23.028
365,23.225,23.328,23.2,23.328
3,23.31,23.31,22.79,22.79
4,22.955,23.038,22.955,23.038
5,23.14,23.15,22.785,23.15
6,22.765,22.8,22.05,22.174
7,22.394,22.394,22.394,22.394
10,22.355,22.49,22.355,22.446
11,22.59,22.806,22.59,22.806
12,23.2,23.2,23.2,23.2
13,23.155,23.155,23.155,23.155
14,22.911,23.0,22.9,22.911
18,23.4,23.487,23.4,23.487
19,24.226,24.226,24.226,24.226
20,24.711,24.711,24.711,24.711
21,24.314,24.314,24.314,24.314
24,23.795,23.795,23.795,23.795
25,23.945,23.945,23.685,23.896
26,23.807,23.807,23.807,23.807
27,23.03,23.03,22.673,22.673
28,22.81,22.81,22.302,22.302
31,22.34,22.515,22.34,22.395
32,22.495,23.0,22.495,22.596
33,22.81,22.82,22.61,22.711
34,22.545,22.565,22.375,22.375
35,22.53,22.53,22.475,22.475
38,23.055,23.08,23.055,23.076
39,23.195,23.23,23.195,23.195
40,23.336,23.336,23.336,23.336
41,23.519,23.519,23.519,23.519
42,23.17,23.366,23.15,23.366
45,23.915,23.915,23.83,23.845
46,23.165,23.338,23.165,23.338
47,23.601,23.601,23.601,23.601
48,23.874,23.874,23.874,23.874
49,24.0,24.0,23.925,23.991
53,24.21,24.311,24.21,24.311
54,24.555,24.555,24.555,24.555
55,25.355,25.39,24.686,24.686
56,24.32,24.525,23.9,23.997
59,24.55,24.855,24.28,24.361
60,24.45,25.565,24.34,25.534
61,25.31,25.41,25.03,25.183
62,25.305,25.54,25.14,25.205
63,25.295,25.835,25.255,25.782
66,26.155,26.285,25.713,25.713
67,25.85,27.31,25.645,26.888
68,26.9,26.9,25.757,25.757
69,26.03,26.202,25.59,26.202
70,26.035,26.2,25.92,26.106
73,25.95,25.95,25.244,25.244
74,24.885,25.123,24.885,25.123
75,24.975,25.07,24.6,24.67
76,25.2,25.64,25.2,25.584
77,25.41,25.41,25.05,25.055
80,25.175,25.37,25.165,25.282
81,25.195,25.195,24.765,24.885
82,25.0,25.27,25.0,25.17
83,25.455,25.905,25.455,25.9
84,25.825,25.965,25.595,25.595
87,25.185,25.21,25.03,25.176
88,24.255,24.716,24.255,24.716
89,25.13,25.225,25.015,25.103
90,24.875,25.121,24.875,25.121
91,24.86,24.87,24.642,24.642
94,24.435,24.584,24.435,24.584
95,24.635,24.635,24.42,24.528
96,24.385,24.46,24.34,24.455
97,24.545,24.733,24.46,24.733
98,24.819,24.925,24.819,24.819
101,25.515,25.515,24.978,24.978
102,25.22,25.775,25.22,25.725
103,25.62,26.025,25.62,26.02
104,25.69,25.69,25.69,25.69
108,26.14,26.14,26.14,26.14
109,26.035,26.035,25.391,25.391
110,25.215,25.27,25.215,25.27
111,25.28,25.28,24.621,24.621
112,24.725,24.725,24.215,24.257
115,23.668,23.668,23.668,23.668
116,23.542,23.595,23.542,23.542
117,23.458,23.458,23.458,23.458
118,23.31,23.41,22.895,23.129
119,23.225,23.535,22.735,23.04
122,22.715,22.83,22.12,22.544
123,22.64,22.785,22.475,22.621
124,22.585,23.02,22.315,22.362
125,23.12,23.245,22.37,22.4
126,22.28,22.485,22.09,22.325
129,22.17,22.19,21.665,21.782
130,21.985,22.0,21.24,21.39
131,21.415,21.805,21.31,21.55
132,21.48,21.575,20.655,20.757
133,20.64,21.115,20.64,20.984
136,21.095,21.605,21.085,21.535
137,21.655,21.737,21.555,21.737
138,21.675,21.675,21.39,21.533
139,21.435,21.898,21.425,21.898
140,21.669,21.669,21.669,21.669
143,21.835,22.205,21.723,21.723
144,22.063,22.065,22.035,22.063
145,21.865,21.97,21.83,21.86
146,21.941,21.941,21.941,21.941
147,22.01,22.395,22.01,22.06
151,21.6,21.675,21.6,21.651
152,21.495,21.884,21.485,21.884
153,21.83,22.325,21.825,22.254
154,22.405,22.41,21.89,21.89
157,22.074,22.074,22.074,22.074
158,22.025,22.159,22.025,22.159
159,21.99,22.09,21.99,22.074
160,22.055,22.065,21.725,21.797
161,21.7,21.92,21.7,21.913
164,21.65,21.65,21.055,21.236
165,21.02,21.055,20.905,20.936
166,20.985,21.465,20.985,21.402
167,21.695,21.925,21.38,21.867
168,21.87,21.88,21.573,21.573
172,21.8,21.8,21.745,21.754
173,21.595,21.595,21.395,21.407
174,21.38,21.38,21.032,21.032
175,20.965,21.175,20.95,21.116
178,21.295,21.33,21.15,21.159
179,21.175,21.185,20.797,20.797
180,20.805,20.995,20.545,20.668
181,20.665,20.705,20.145,20.282
182,20.165,20.185,19.265,19.597
186,19.81,20.07,19.04,19.052
187,19.19,19.195,18.84,19.085
188,19.1,19.36,19.095,19.122
189,19.0,19.22,19.0,19.167
192,19.165,19.165,19.04,19.067
193,18.8,18.899,18.77,18.899
194,18.81,19.175,18.785,19.138
195,19.1,19.1,18.0,18.169
196,18.225,18.555,18.225,18.548
199,18.81,18.825,18.59,18.791
200,18.615,18.71,18.52,18.67
201,18.655,18.94,18.605,18.639
202,18.555,18.72,18.11,18.687
203,18.71,18.75,18.49,18.585
206,18.41,18.6,18.185,18.294
207,18.465,18.565,18.325,18.487
208,18.495,18.553,18.485,18.553
209,19.02,19.94,19.02,19.827
210,19.99,20.29,19.99,20.156
213,20.28,20.4,20.185,20.322
214,20.1,20.395,19.945,20.105
215,19.88,20.02,19.785,19.865
216,19.985,20.105,19.96,20.099
217,20.135,20.135,19.819,19.819
220,20.592,20.592,20.592,20.592
221,20.62,20.655,20.458,20.458
222,20.52,20.72,20.52,20.718
223,20.415,20.47,20.326,20.326
224,20.677,20.677,20.677,20.677
227,20.251,20.251,20.251,20.251
228,19.95,20.1,19.95,20.065
229,20.085,20.09,19.65,19.711
230,19.72,19.725,19.445,19.448
231,19.13,19.13,19.058,19.058
234,18.84,18.915,18.8,18.873
235,18.885,19.1,18.705,19.012
236,18.835,19.04,18.82,18.895
237,19.045,19.111,19.035,19.111
238,19.305,19.305,18.74,18.74
241,18.52,18.555,18.52,18.555
242,18.565,18.585,18.12,18.159
243,18.16,18.24,17.705,17.762
244,17.715,17.715,17.32,17.551
245,17.53,18.0,17.53,17.776
249,18.1,18.105,17.79,17.795
250,18.137,18.24,18.137,18.137
251,18.29,18.455,18.235,18.33
252,18.355,18.67,18.355,18.658
255,19.315,19.89,19.315,19.755
256,19.725,19.75,19.205,19.39
257,19.185,19.53,19.185,19.471
258,19.515,19.52,19.025,19.175
259,18.875,19.505,18.735,19.296
262,19.273,19.273,19.273,19.273
263,19.5,19.5,19.102,19.102
264,19.375,19.585,19.33,19.411
265,19.37,19.595,19.335,19.548
266,19.51,19.51,18.78,18.841
269,18.73,18.85,18.406,18.406
270,18.525,18.525,18.257,18.257
271,18.475,18.796,18.47,18.796
272,18.765,18.765,18.525,18.611
273,18.845,18.97,18.825,18.96
276,20.17,20.705,20.17,20.519
277,20.82,21.115,20.82,21.037
278,20.795,20.795,20.13,20.479
279,20.61,20.66,20.42,20.595
280,20.58,20.725,20.17,20.192
283,19.69,19.83,19.52,19.556
284,19.345,19.52,19.06,19.427
285,19.085,19.11,18.785,18.878
286,18.945,18.955,18.775,18.858
287,18.93,18.93,18.015,18.015
290,18.625,18.674,18.625,18.674
291,18.59,18.825,18.525,18.571
292,18.685,18.685,18.295,18.336
293,18.39,18.845,18.375,18.666
294,18.57,19.315,18.29,19.043
297,19.174,19.19,19.174,19.174
298,18.915,19.35,18.91,19.339
299,19.465,19.585,19.465,19.48
300,19.635,19.635,19.45,19.478
301,19.5,19.52,19.025,19.147
304,19.2,19.2,18.97,19.125
305,19.125,19.69,19.125,19.673
306,19.78,19.865,19.575,19.6
307,19.235,19.436,18.96,19.436
308,19.98,20.935,19.95,20.79
311,20.575,21.0,20.45,20.898
312,20.68,21.625,20.68,21.477
313,21.59,21.59,21.065,21.298
314,21.06,21.78,21.05,21.677
315,21.585,21.646,21.515,21.646
318,21.865,22.1,21.855,22.092
319,22.03,22.055,21.45,21.499
320,21.625,21.945,21.504,21.504
321,20.955,20.955,20.955,20.955
322,20.976,20.976,20.976,20.976
325,20.65,20.849,20.64,20.849
326,21.075,21.095,20.955,21.034
327,21.085,21.59,21.085,21.357
329,21.355,21.445,21.355,21.425
332,20.91,20.91,20.91,20.91
333,20.89,21.4,20.845,21.204
334,21.17,22.145,21.165,21.55
335,22.25,22.76,22.07,22.637
336,22.77,23.22,22.38,23.038
339,23.19,23.46,22.185,22.199
340,22.225,22.48,22.0,22.123
341,22.605,22.775,22.5,22.71
342,22.685,23.063,22.575,23.063
343,23.12,23.705,23.12,23.535
346,23.42,23.515,23.22,23.22
347,23.325,24.155,23.325,23.801
348,23.755,24.08,23.5,23.946
349,23.945,23.945,23.04,23.128
350,23.1,23.215,23.055,23.151
353,23.029,23.029,22.945,23.029
354,23.085,24.17,23.085,24.094
355,24.02,24.085,24.02,24.035
356,24.05,24.05,23.455,23.476
357,23.715,23.88,23.61,23.764
361,24.115,24.14,24.04,24.04
362,24.075,24.095,23.585,23.663
363,23.585,24.078,23.58,24.078
364,24.055,24.155,23.862,23.862
3,24.455,24.53,23.98,24.059
4,24.085,24.105,23.75,23.792
5,23.5,23.5,23.145,23.258
6,23.295,23.822,23.29,23.822
9,23.712,23.712,23.712,23.712
10,23.43,23.507,23.425,23.507
11,23.55,23.805,23.185,23.327
12,23.805,23.863,23.805,23.863
13,23.89,24.231,23.5,24.231
17,24.31,24.315,23.944,23.944
18,24.25,24.26,23.53,23.53
19,23.754,23.754,23.754,23.754
20,23.83,23.83,23.83,23.83
23,23.08,23.452,22.85,23.452
24,23.435,23.705,23.25,23.649
25,23.685,23.945,23.62,23.839
26,23.995,24.185,23.78,23.93
27,23.527,23.527,23.527,23.527
30,23.695,23.79,23.645,23.645
31,23.555,23.748,23.055,23.748
32,23.52,23.835,23.51,23.521
33,24.195,24.46,23.534,23.534
34,22.5,22.5,22.334,22.334
37,22.235,22.24,22.177,22.177
38,22.117,22.117,22.117,22.117
39,22.165,22.367,22.165,22.367
40,22.097,22.097,21.945,22.097
41,22.11,22.11,21.99,22.034
44,21.78,21.975,21.78,21.818
45,21.99,21.99,21.842,21.842
46,21.84,21.845,21.546,21.546
47,21.625,21.685,21.545,21.684
48,21.695,21.725,21.694,21.694
52,21.97,21.97,21.855,21.869
53,21.88,21.885,21.661,21.661
54,21.51,21.57,21.299,21.299
55,21.33,21.33,20.806,20.806
58,20.75,20.82,20.515,20.67
59,20.64,21.01,20.475,20.961
60,20.88,21.15,20.88,20.959
61,20.915,20.915,20.735,20.766
62,21.0,21.22,20.925,21.093
65,21.175,21.22,20.98,20.984
66,20.985,20.985,19.99,20.054
67,20.035,20.14,19.83,20.005
68,20.01,20.03,20.01,20.025
69,20.375,20.375,20.375,20.375
72,20.69,21.793,20.69,21.793
73,21.51,21.929,21.5,21.929
74,21.6,22.08,21.6,21.774
75,21.855,21.86,21.58,21.588
76,21.75,22.351,21.75,22.351
79,22.63,22.72,22.415,22.533
80,22.57,22.6,22.205,22.324
81,22.68,23.065,22.65,22.675
82,23.144,23.144,23.144,23.144
83,23.247,23.247,23.247,23.247
86,23.054,23.054,23.054,23.054
87,23.095,23.324,23.095,23.324
88,23.376,23.376,23.376,23.376
89,23.985,23.985,23.605,23.902
90,23.87,24.165,23.87,24.076
93,23.725,24.07,23.695,23.941
94,24.415,25.085,24.415,25.022
95,25.115,25.145,24.79,24.963
96,24.67,25.03,24.67,25.025
100,24.85,24.85,24.846,24.846
101,24.96,25.16,24.96,25.131
102,25.165,25.585,25.165,25.404
103,25.54,25.95,25.54,25.874
104,25.8,25.9,25.34,25.424
107,25.053,25.053,25.053,25.053
108,25.18,25.3,25.16,25.248
109,24.805,25.366,24.805,25.366
110,25.23,25.368,25.225,25.368
111,25.165,25.18,25.053,25.053
114,25.05,25.306,25.025,25.306
115,25.195,25.195,24.75,24.877
116,25.13,25.13,24.871,24.871
117,24.975,25.21,24.565,24.983
118,24.955,25.11,24.785,24.999
121,25.07,25.96,25.009,25.009
122,24.735,25.52,24.6,25.404
123,25.425,25.595,25.19,25.476
124,25.755,26.08,25.58,26.035
125,26.2,26.2,25.265,25.743
128,25.72,25.72,25.636,25.636
129,25.5,25.715,25.445,25.698
130,25.58,25.975,25.37,25.461
131,25.18,25.215,24.17,24.255
132,23.78,24.21,23.78,23.992
135,24.065,24.14,23.915,24.127
136,23.91,24.025,23.737,23.737
137,23.58,23.815,23.58,23.752
138,23.465,23.58,23.375,23.495
139,23.92,23.95,23.92,23.92
142,23.675,23.715,23.675,23.715
143,23.5,23.63,23.15,23.474
144,23.435,23.48,23.065,23.115
145,22.87,22.985,22.786,22.786
146,23.13,23.24,23.115,23.24
150,23.285,23.37,22.93,23.125
151,23.33,23.58,23.33,23.474
152,23.875,23.875,23.875,23.875
153,23.84,23.84,23.643,23.643
156,23.534,23.534,23.534,23.534
157,23.574,23.574,23.574,23.574
158,23.439,23.439,23.439,23.439
159,23.52,24.264,23.52,24.264
160,24.39,24.39,24.334,24.334
163,24.285,24.285,23.985,23.985
164,23.756,23.756,23.756,23.756
165,24.044,24.044,24.044,24.044
166,23.891,23.891,23.891,23.891
167,24.076,24.076,24.076,24.076
171,23.193,23.193,23.193,23.193
172,22.774,22.774,22.774,22.774
173,22.436,22.436,22.436,22.436
174,22.328,22.328,22.328,22.328
177,22.805,22.85,22.805,22.805
178,22.939,22.939,22.939,22.939
179,22.865,22.868,22.865,22.868
180,22.745,22.905,22.3,22.591
181,22.53,22.81,22.345,22.81
184,22.765,23.005,22.705,22.896
186,22.92,23.315,22.92,23.197
187,23.155,23.24,22.686,22.686
188,22.86,23.11,22.86,23.092
191,23.05,23.151,22.76,23.151
192,23.225,23.305,23.086,23.086
193,23.14,24.119,23.14,24.119
194,24.3,24.815,24.3,24.768
195,24.91,25.014,24.8,25.014
198,24.92,24.92,24.84,24.844
199,24.965,25.1,24.965,25.084
200,25.25,25.25,25.045,25.219
201,25.28,25.28,24.805,24.805
202,24.698,24.698,24.698,24.698
205,24.436,24.436,24.436,24.436
206,24.545,24.735,24.545,24.68
207,24.605,24.825,24.605,24.825
208,24.236,24.236,24.236,24.236
209,24.23,24.37,24.215,24.37
212,24.21,24.854,24.21,24.854
213,24.58,24.58,24.185,24.208
214,24.15,24.15,23.754,23.754
215,23.585,23.61,23.43,23.586
216,23.6,23.625,23.375,23.617
219,23.475,23.475,23.07,23.142
220,22.96,22.965,22.717,22.717
221,22.65,22.65,22.65,22.65
222,22.746,22.746,22.746,22.746
223,22.674,22.674,22.674,22.674
226,22.405,22.644,22.405,22.644
227,22.455,22.595,22.455,22.595
228,22.655,22.655,22.48,22.48
229,22.6,22.955,22.6,22.67
230,22.695,22.695,22.695,22.695
233,22.785,23.304,22.785,23.304
234,23.345,23.42,23.345,23.42
235,24.363,24.363,24.363,24.363
236,24.285,24.31,24.211,24.211
237,24.08,24.22,24.08,24.22
240,24.238,24.238,24.238,24.238
241,24.777,24.777,24.777,24.777
242,24.78,25.06,24.57,24.734
243,24.665,24.7,24.45,24.472
244,24.49,24.84,24.205,24.232
248,24.205,24.325,23.535,23.558
249,23.515,23.62,23.135,23.206
250,23.09,23.125,22.905,22.95
251,23.105,23.145,22.892,22.892
254,22.925,23.14,22.925,23.103
255,22.945,23.127,22.93,23.127
256,22.825,22.915,22.82,22.912
257,22.615,22.748,22.58,22.748
258,22.71,23.185,22.71,23.126
261,23.232,23.232,23.232,23.232
262,23.194,23.194,23.194,23.194
263,23.35,23.579,23.35,23.579
264,23.03,23.444,23.03,23.444
265,23.7,23.7,23.596,23.596
268,23.59,23.61,23.145,23.145
269,22.95,22.95,22.95,22.95
270,22.477,22.477,22.477,22.477
271,22.55,22.615,22.4,22.515
272,22.775,23.46,22.236,22.236
275,22.165,22.175,21.218,21.218
276,20.98,21.178,20.785,21.178
277,21.185,21.185,20.76,20.956
278,21.075,21.075,20.848,20.848
279,20.985,21.54,20.925,21.54
282,21.741,21.741,21.741,21.741
283,21.85,21.86,21.715,21.776
284,21.957,21.957,21.957,21.957
285,22.07,22.195,21.792,21.792
286,22.475,22.727,22.475,22.727
289,22.605,22.61,22.605,22.61
290,22.7,22.863,22.65,22.863
291,22.79,22.944,22.765,22.944
292,22.77,22.887,22.77,22.887
293,23.56,23.63,23.351,23.351
296,23.225,23.24,23.072,23.072
297,22.85,22.98,22.85,22.98
298,22.78,22.877,22.58,22.877
299,22.975,22.99,22.787,22.787
300,22.77,22.77,22.77,22.77
303,23.16,23.565,23.095,23.282
304,23.295,23.305,22.841,22.841
305,22.645,23.01,22.64,22.685
306,22.751,22.751,22.751,22.751
307,23.201,23.201,23.201,23.201
310,23.149,23.149,23.149,23.149
311,22.775,22.775,22.505,22.508
312,22.33,22.74,22.33,22.647
313,22.52,22.925,22.505,22.831
314,22.62,22.62,22.215,22.215
317,22.085,22.299,22.01,22.299
318,22.335,23.165,22.26,23.079
319,23.485,23.485,23.485,23.485
320,23.575,23.895,23.575,23.892
321,23.905,24.155,23.809,23.809
324,23.46,23.579,23.46,23.579
325,23.765,23.843,23.765,23.843
326,23.672,23.672,23.672,23.672
328,24.315,24.329,24.26,24.329
331,24.805,24.85,24.672,24.672
332,24.93,24.93,24.93,24.93
333,25.05,25.305,24.85,25.072
334,25.035,25.325,24.965,25.293
335,25.4,25.565,25.155,25.499
338,25.59,25.935,24.45,24.555
339,24.555,24.655,24.0,24.201
340,24.18,24.355,23.889,23.889
341,23.92,23.935,23.732,23.732
342,23.815,23.815,22.97,22.971
345,23.05,23.05,22.755,22.773
346,22.785,22.785,22.728,22.728
347,22.81,23.665,22.525,22.639
348,23.765,24.205,23.765,24.096
349,24.005,24.01,23.87,23.87
352,23.831,23.831,23.82,23.831
353,23.965,24.065,23.96,24.04
354,24.08,24.385,23.965,24.347
355,24.33,24.37,24.307,24.307
356,24.52,24.575,24.165,24.29
360,24.285,24.285,24.09,24.144
361,24.235,24.375,24.15,24.375
362,24.34,24.42,24.0,24.134
363,23.885,23.885,23.555,23.853
2,23.845,24.07,23.733,23.733
3,23.265,23.265,22.93,22.946
4,22.93,23.045,22.705,22.989
5,23.065,23.122,22.865,23.122
8,22.99,23.12,22.835,23.12
9,23.14,23.14,22.904,22.904
10,23.0,23.0,22.8,22.884
11,22.96,23.085,22.535,22.537
12,22.825,23.38,22.825,23.162
16,22.933,22.933,22.933,22.933
17,22.91,22.91,22.51,22.516
18,22.64,22.667,22.59,22.667
19,22.515,22.571,22.515,22.571
22,22.005,22.163,21.925,22.163
23,22.334,22.334,22.334,22.334
24,22.855,22.91,22.755,22.755
25,22.87,22.87,22.808,22.808
26,22.76,22.84,22.755,22.755
29,23.095,23.205,23.095,23.138
30,23.205,23.275,23.065,23.107
31,23.051,23.051,23.051,23.051
32,22.875,23.13,22.55,23.13
33,23.125,23.155,22.555,22.701
36,22.49,22.49,22.285,22.335
37,22.455,22.455,22.335,22.393
38,22.34,22.405,22.278,22.278
39,22.49,22.565,22.3,22.565
40,22.405,22.565,22.405,22.528
43,22.65,22.725,22.65,22.709
44,22.096,22.096,22.096,22.096
45,22.035,22.331,22.005,22.331
46,22.61,22.92,22.61,22.912
47,23.439,23.439,23.439,23.439
51,23.15,23.15,23.106,23.106
52,23.19,23.195,22.851,22.851
53,22.765,22.765,22.765,22.765
54,22.969,22.969,22.969,22.969
57,22.595,22.595,22.517,22.517
58,22.523,22.523,22.523,22.523
59,22.445,22.5,22.245,22.41
60,22.44,22.775,22.295,22.666
61,22.655,23.25,22.57,23.15
64,23.155,23.93,23.07,23.779
65,23.705,24.2,23.665,23.763
66,23.635,24.272,23.595,24.272
67,24.165,24.515,24.14,24.37
68,24.505,24.505,24.3,24.339
71,24.385,24.512,24.37,24.512
72,24.465,24.505,24.194,24.194
73,24.215,24.959,24.215,24.959
74,24.875,24.98,24.874,24.874
75,24.835,25.42,24.825,25.2
78,25.16,25.245,25.091,25.091
79,25.17,25.17,24.945,24.964
80,24.933,24.933,24.933,24.933
81,25.625,25.735,24.849,24.849
82,24.75,24.75,24.66,24.692
85,24.815,24.845,24.72,24.745
86,24.64,24.65,24.483,24.483
87,24.425,24.625,24.425,24.625
88,24.685,24.91,24.685,24.797
92,25.25,25.345,24.81,24.954
93,25.3,25.855,25.27,25.804
94,26.255,27.065,26.21,26.945
95,27.23,27.27,26.79,27.14
96,26.49,27.41,26.49,27.4
99,27.805,27.93,27.712,27.712
100,28.12,28.12,27.891,27.891
101,27.765,27.985,27.765,27.961
102,28.13,28.515,28.0,28.176
103,28.51,29.805,28.255,28.255
106,28.25,28.651,27.77,28.651
107,28.355,28.355,28.235,28.318
108,28.51,28.51,28.31,28.346
109,28.329,28.329,28.329,28.329
110,28.505,28.808,28.215,28.808
113,27.213,27.213,27.213,27.213
114,27.135,27.41,27.135,27.331
115,27.14,27.324,27.13,27.324
116,27.342,27.342,27.342,27.342
117,27.241,27.241,27.241,27.241
120,27.2,27.44,26.96,27.373
121,27.155,27.165,26.3,26.391
122,26.285,26.945,26.285,26.489
123,26.715,26.795,26.035,26.583
124,26.63,26.785,26.16,26.445
127,26.95,27.39,26.95,27.369
128,27.3,27.445,27.28,27.303
129,27.265,27.42,27.265,27.361
130,27.605,28.2,27.6,28.132
131,28.595,28.595,28.23,28.275
134,28.06,28.345,28.035,28.221
135,28.27,28.61,28.11,28.485
136,28.61,29.514,28.61,29.514
137,29.88,29.88,29.5,29.665
138,29.76,31.605,29.76,31.047
141,30.995,32.205,30.995,32.205
142,32.495,32.5,31.405,31.868
143,32.03,32.03,31.16,31.295
144,30.345,30.71,30.13,30.284
145,30.37,30.37,30.33,30.33
149,31.54,32.115,31.505,31.971
150,32.203,32.203,32.203,32.203
151,32.0,32.05,31.11,31.388
152,30.425,30.49,30.297,30.297
155,30.44,30.641,29.85,30.641
156,29.755,29.995,29.47,29.488
157,29.55,29.97,29.55,29.948
158,30.56,31.32,30.56,31.247
159,31.525,31.525,29.3,29.335
162,29.59,29.769,29.48,29.769
163,29.155,29.505,29.133,29.133
164,30.176,30.176,29.75,30.176
165,29.125,29.325,28.815,28.99
166,29.385,29.54,29.385,29.402
169,29.325,29.325,29.325,29.325
170,29.005,29.505,28.955,29.505
172,29.5,30.776,29.5,30.776
173,30.5,30.51,29.573,29.573
176,29.5,29.5,29.489,29.489
177,29.5,29.5,28.837,28.837
178,28.909,28.909,28.909,28.909
179,28.77,29.225,28.665,28.918
180,28.94,29.58,28.82,29.237
183,29.1,29.44,29.0,29.3
184,29.31,29.62,29.225,29.353
185,29.595,30.55,29.54,30.548
187,30.265,31.47,30.165,31.388
190,31.2,31.2,30.618,30.618
191,30.772,30.772,30.772,30.772
192,30.77,30.77,30.727,30.727
193,30.94,31.705,30.905,31.394
194,31.365,31.365,30.46,30.886
197,30.69,31.005,30.595,30.672
198,30.81,31.305,30.78,31.195
199,31.205,31.285,30.137,30.137
200,30.505,30.505,29.99,29.995
201,29.75,29.75,28.9,29.088
204,29.17,29.17,28.78,29.124
205,29.0,29.132,28.8,29.132
206,29.116,29.116,28.985,29.116
207,28.7,28.7,27.55,27.807
208,28.01,28.01,27.74,27.86
211,28.05,28.05,27.703,27.703
212,27.825,28.365,27.8,28.365
213,28.715,28.885,28.715,28.778
214,28.945,28.945,28.331,28.331
215,28.9,28.93,28.246,28.246
218,28.165,28.56,26.84,27.076
219,27.215,27.23,27.096,27.096
220,26.915,26.915,26.695,26.83
221,27.055,27.505,27.055,27.5
222,27.487,27.487,27.487,27.487
225,27.84,27.925,27.78,27.917
226,27.695,27.695,27.695,27.695
227,27.254,27.254,27.254,27.254
228,28.145,28.342,28.145,28.342
229,28.778,28.778,28.778,28.778
232,29.24,29.24,29.24,29.24
233,29.855,29.955,29.455,29.455
234,29.476,29.476,29.476,29.476
235,29.445,29.45,29.0,29.006
236,29.786,29.786,29.786,29.786
239,30.105,30.105,29.905,29.977
240,29.951,29.985,29.951,29.951
241,29.176,29.176,29.176,29.176
242,29.11,29.655,29.11,29.557
243,29.38,29.555,28.71,28.731
247,28.355,28.565,27.695,27.951
248,27.885,28.215,27.885,28.167
249,28.195,28.77,28.195,28.72
250,28.585,28.585,27.808,27.808
253,28.085,28.34,28.05,28.291
254,28.245,28.257,28.205,28.257
255,28.495,28.68,28.495,28.563
256,28.805,29.8,28.79,29.743
257,29.98,30.77,29.98,30.699
260,30.885,31.015,30.765,30.771
261,30.619,30.7,30.619,30.619
262,30.66,30.73,30.3,30.341
263,30.05,31.094,30.05,31.094
264,31.065,31.2,31.065,31.176
267,30.63,30.865,30.63,30.767
268,30.86,32.111,30.825,32.111
269,31.805,31.99,31.698,31.698
270,32.235,32.25,32.025,32.025
271,31.815,32.14,31.445,31.519
274,31.605,31.605,31.12,31.164
275,31.35,31.595,31.31,31.445
276,31.055,31.7,31.055,31.628
277,31.46,32.189,31.44,32.189
278,32.095,32.86,31.61,32.128
281,31.59,31.745,31.59,31.745
282,31.385,31.385,30.355,30.355
283,30.485,30.485,30.425,30.425
284,31.005,31.005,31.005,31.005
285,31.535,31.535,31.52,31.52
288,31.083,31.2,31.083,31.083
289,31.527,31.527,31.527,31.527
290,31.65,31.76,31.645,31.76
291,31.68,31.855,31.573,31.573
292,33.032,33.68,33.032,33.032
295,33.865,34.255,33.865,33.869
296,34.475,34.835,34.425,34.831
297,34.555,34.555,33.64,33.64
298,34.14,34.14,33.611,33.611
299,33.25,33.705,33.25,33.603
302,33.77,33.83,33.77,33.83
303,34.269,34.269,34.269,34.269
304,34.12,34.17,33.54,33.914
305,33.525,33.525,32.59,32.653
306,32.542,32.542,32.4,32.542
309,32.48,32.48,32.48,32.48
310,32.655,32.655,32.655,32.655
311,32.04,32.04,31.0,31.221
312,31.445,31.765,31.445,31.765
313,31.495,31.495,31.345,31.359
316,31.115,31.115,30.5,30.54
317,30.31,30.686,30.31,30.686
318,30.97,30.97,30.43,30.59
319,30.17,30.57,29.735,30.508
320,30.32,30.371,30.245,30.371
323,31.163,31.163,31.163,31.163
324,31.455,31.475,31.15,31.208
325,31.18,31.18,30.956,30.956
326,30.945,30.945,30.75,30.912
327,31.3,31.309,31.26,31.309
330,30.815,30.815,30.21,30.21
331,30.388,30.388,30.388,30.388
332,30.49,30.75,29.99,30.111
334,30.135,30.95,29.655,30.685
337,30.51,30.67,30.17,30.449
338,30.935,31.11,30.87,31.077
339,31.155,31.505,30.92,31.505
340,31.29,31.475,31.134,31.134
341,31.3,31.335,31.08,31.186
344,31.44,32.515,31.44,32.216
345,32.105,32.363,32.035,32.363
346,32.34,32.562,32.205,32.562
347,32.53,32.77,31.225,31.228
348,31.0,31.0,30.56,30.655
351,30.815,30.815,30.68,30.697
352,30.345,30.573,30.29,30.573
353,30.44,30.44,29.88,30.41
354,29.605,29.615,28.855,29.094
355,29.165,29.845,29.105,29.66
358,29.895,29.99,29.888,29.888
359,29.974,29.974,29.974,29.974
361,30.015,30.115,29.98,30.047
362,29.935,29.935,29.605,29.655
365,29.66,29.72,28.99,29.106
366,29.135,29.17,28.94,28.94
