Datetime,Open,High,Low,Close,Volume
,WFIN.L,WFIN.L,WFIN.L,WFIN.L,WFIN.L
2025-09-08 07:00:00,87.88,88.63,87.54,87.88,4
2025-09-08 07:42:00,88.14,88.14,88.14,88.14,0
2025-09-08 08:02:00,88.16,88.16,88.16,88.16,2
2025-09-08 11:16:00,88.17,88.17,88.17,88.17,1
2025-09-08 11:28:00,88.15,88.15,88.15,88.15,294
2025-09-08 12:14:00,88.08,88.08,88.08,88.08,0
2025-09-08 12:28:00,88.11,88.11,88.11,88.11,1730
2025-09-08 13:02:00,88.121,88.121,88.121,88.121,0
2025-09-08 13:06:00,88.141,88.141,88.141,88.141,340
2025-09-08 13:28:00,88.18,88.18,88.18,88.18,0
2025-09-08 14:10:00,87.93,87.93,87.93,87.93,3
2025-09-08 14:26:00,87.83,87.83,87.83,87.83,1
2025-09-08 14:28:00,87.83,87.852,87.83,87.852,215
2025-09-08 15:28:00,88.18,88.22,88.18,88.22,0
2025-09-09 07:00:00,88.96,88.96,88.96,88.96,0
2025-09-09 07:22:00,88.33,88.33,88.33,88.33,0
2025-09-09 09:00:00,88.19,88.19,88.19,88.19,5
2025-09-09 11:54:00,88.27,88.27,88.27,88.27,206
2025-09-09 12:24:00,88.24,88.24,88.24,88.24,92
2025-09-09 12:34:00,88.24,88.24,88.24,88.24,0
2025-09-09 13:02:00,88.18,88.18,88.18,88.18,2
2025-09-09 14:08:00,88.39,88.39,88.39,88.39,14
2025-09-09 15:06:00,88.69,88.69,88.69,88.69,0
2025-09-10 07:00:00,88.37,88.37,88.37,88.37,0
2025-09-10 07:12:00,88.49,88.49,88.49,88.49,0
2025-09-10 07:52:00,88.641,88.641,88.641,88.641,224
2025-09-10 12:14:00,88.38,88.38,88.37,88.37,0
2025-09-10 13:10:00,88.62,88.62,88.62,88.62,2334
2025-09-10 13:30:00,88.61,88.61,88.61,88.61,0
2025-09-10 13:38:00,88.87,88.87,88.87,88.87,0
2025-09-10 14:32:00,88.77,88.77,88.77,88.77,1300
2025-09-10 14:42:00,88.701,88.701,88.701,88.701,55
2025-09-10 14:44:00,88.69,88.69,88.5,88.5,4189
2025-09-11 07:00:00,89.1,89.1,89.1,89.1,0
2025-09-11 07:26:00,88.56,88.56,88.56,88.56,0
2025-09-11 08:42:00,88.58,88.58,88.58,88.58,0
2025-09-11 09:44:00,88.577,88.577,88.577,88.577,340
2025-09-11 11:56:00,88.615,88.615,88.615,88.615,1462
2025-09-11 12:10:00,88.613,89.395,88.613,89.395,410
2025-09-12 07:00:00,90.08,90.08,88.98,88.98,0
2025-09-12 07:04:00,89.68,89.68,89.68,89.68,6
2025-09-12 07:14:00,89.536,89.536,89.536,89.536,1050
2025-09-12 07:30:00,89.64,89.64,89.64,89.64,0
2025-09-12 07:32:00,89.59,89.59,89.59,89.59,0
2025-09-12 07:42:00,89.51,89.51,89.51,89.51,0
2025-09-12 09:30:00,89.47,89.47,89.47,89.47,0
2025-09-12 09:50:00,89.288,89.288,89.288,89.288,885
2025-09-12 10:30:00,89.46,89.46,89.46,89.46,300
2025-09-12 11:36:00,89.5,89.5,89.5,89.5,0
2025-09-12 13:00:00,89.5,89.5,89.5,89.5,2598
2025-09-12 13:06:00,89.46,89.46,89.46,89.46,0
2025-09-12 14:10:00,89.432,89.432,89.432,89.432,7800
2025-09-12 14:18:00,89.43,89.43,89.43,89.43,0
2025-09-12 14:26:00,89.4,89.4,89.4,89.4,153
2025-09-12 14:42:00,89.34,89.34,89.34,89.34,0
2025-09-12 14:54:00,89.31,89.31,89.31,89.31,22
2025-09-12 14:56:00,89.37,89.37,89.37,89.37,220
2025-09-12 15:28:00,89.28,89.28,89.28,89.28,0
2025-09-15 07:00:00,89.416,89.95,89.416,89.95,0
2025-09-15 07:02:00,88.98,89.95,88.98,89.95,2
2025-09-15 07:50:00,89.59,89.59,89.59,89.59,2
2025-09-15 08:10:00,89.55,89.55,89.55,89.55,0
2025-09-15 09:42:00,89.74,89.74,89.74,89.74,914
2025-09-15 10:30:00,89.89,89.89,89.89,89.89,0
2025-09-15 11:02:00,89.74,89.74,89.74,89.74,74
2025-09-15 12:24:00,89.845,89.845,89.845,89.845,875
2025-09-15 12:40:00,89.67,89.67,89.67,89.67,0
2025-09-15 13:12:00,89.91,89.91,89.91,89.91,0
2025-09-15 13:32:00,89.61,89.61,89.61,89.61,0
2025-09-15 13:34:00,89.62,89.62,89.62,89.62,0
2025-09-15 14:08:00,89.73,89.73,89.73,89.73,1149
2025-09-15 14:52:00,89.97,89.97,89.97,89.97,570
2025-09-16 07:00:00,89.03,90.04,89.03,90.04,0
2025-09-16 07:02:00,90.04,90.04,90.03,90.03,1
2025-09-16 07:06:00,89.64,89.64,89.64,89.64,0
2025-09-16 08:18:00,89.58,89.58,89.58,89.58,12
2025-09-16 09:22:00,89.63,89.63,89.63,89.63,1
2025-09-16 12:54:00,89.48,89.48,89.48,89.48,1
2025-09-16 12:56:00,89.48,89.48,89.48,89.48,0
2025-09-16 13:18:00,89.46,89.46,89.46,89.46,0
2025-09-16 14:32:00,88.9,88.9,88.9,88.9,113
2025-09-16 14:34:00,89.01,89.01,89.01,89.01,0
2025-09-16 14:46:00,88.86,88.86,88.86,88.86,1
2025-09-16 14:48:00,89.04,89.04,89.04,89.04,143
2025-09-16 15:26:00,88.91,88.91,88.8,88.8,0
2025-09-17 07:00:00,89.06,89.73,89.06,89.71,33
2025-09-17 07:16:00,89.07,89.07,89.07,89.07,0
2025-09-17 07:54:00,89.15,89.18,89.15,89.18,6602
2025-09-17 08:04:00,89.072,89.072,89.072,89.072,0
2025-09-17 08:20:00,89.148,89.148,89.148,89.148,0
2025-09-17 09:40:00,89.109,89.109,89.109,89.109,550
2025-09-17 09:42:00,89.19,89.19,89.19,89.19,0
2025-09-17 09:46:00,89.22,89.22,89.22,89.22,280
2025-09-17 10:18:00,89.17,89.17,89.17,89.17,700
2025-09-17 10:52:00,89.19,89.19,89.19,89.19,2
2025-09-17 12:28:00,89.26,89.26,89.26,89.26,0
2025-09-17 13:24:00,89.25,89.25,89.25,89.25,32
2025-09-17 14:30:00,89.51,89.51,89.51,89.51,0
2025-09-17 15:28:00,89.61,89.61,89.595,89.595,0
2025-09-18 07:00:00,90.18,90.18,90.18,90.18,0
2025-09-18 08:36:00,89.99,89.99,89.99,89.99,0
2025-09-18 08:52:00,89.971,89.971,89.971,89.971,160
2025-09-18 09:08:00,90.018,90.018,90.018,90.018,120
2025-09-18 09:42:00,90.075,90.075,90.074,90.074,222
2025-09-18 10:08:00,90.03,90.03,90.03,90.03,70
2025-09-18 10:26:00,89.89,90.05,89.89,90.05,30
2025-09-18 15:28:00,89.75,89.8,89.75,89.8,1672
2025-09-19 07:00:00,88.93,90.01,88.93,90.01,0
2025-09-19 08:48:00,89.54,89.54,89.54,89.54,2
2025-09-19 09:30:00,89.71,89.71,89.65,89.65,20
2025-09-19 09:36:00,89.6,89.6,89.6,89.6,0
2025-09-19 09:48:00,89.7,89.7,89.7,89.7,0
2025-09-19 11:00:00,89.68,89.68,89.68,89.68,81
2025-09-19 12:22:00,89.69,89.69,89.69,89.69,0
2025-09-19 12:44:00,89.55,89.55,89.55,89.55,0
2025-09-19 12:46:00,89.57,89.57,89.57,89.57,0
2025-09-19 12:50:00,89.74,89.74,89.74,89.74,0
2025-09-19 13:30:00,89.7,89.7,89.61,89.61,281
2025-09-19 13:32:00,89.94,89.94,89.94,89.94,0
2025-09-19 14:38:00,89.75,89.76,89.75,89.76,289
2025-09-19 14:52:00,89.75,89.75,89.75,89.75,196
2025-09-19 15:10:00,89.61,89.61,89.61,89.61,10
2025-09-19 15:14:00,89.65,89.65,89.56,89.56,429
2025-09-22 07:02:00,89.84,89.84,89.37,89.84,0
2025-09-22 07:04:00,89.84,89.84,89.84,89.84,0
2025-09-22 10:34:00,89.529,89.529,89.529,89.529,222
2025-09-22 11:24:00,89.48,89.48,89.48,89.48,0
2025-09-22 12:24:00,89.35,89.35,89.35,89.35,4
2025-09-22 13:14:00,89.52,89.52,89.52,89.52,666
2025-09-22 13:32:00,89.65,89.65,89.65,89.65,0
2025-09-22 14:50:00,89.67,89.67,89.67,89.67,200
2025-09-22 15:08:00,89.67,89.67,89.67,89.67,67
2025-09-22 15:26:00,89.52,89.625,89.52,89.625,0
2025-09-23 07:00:00,90.15,90.15,90.15,90.15,0
2025-09-23 07:04:00,89.672,89.672,89.672,89.672,392
2025-09-23 07:52:00,89.763,89.763,89.763,89.763,140
2025-09-23 07:58:00,89.82,89.82,89.82,89.82,0
2025-09-23 08:16:00,89.78,89.78,89.78,89.78,220
2025-09-23 08:38:00,89.85,89.85,89.85,89.85,0
2025-09-23 08:42:00,89.85,89.85,89.85,89.85,172
2025-09-23 09:16:00,89.911,89.911,89.911,89.911,432
2025-09-23 09:22:00,89.97,89.97,89.97,89.97,0
2025-09-23 09:30:00,90.01,90.01,90.01,90.01,0
2025-09-23 09:32:00,89.97,89.97,89.97,89.97,170
2025-09-23 09:38:00,89.94,89.94,89.94,89.94,1
2025-09-23 10:08:00,89.74,89.74,89.74,89.74,0
2025-09-23 10:10:00,89.8,89.8,89.8,89.8,3
2025-09-23 10:12:00,89.81,89.81,89.81,89.81,1
2025-09-23 10:40:00,89.72,89.72,89.72,89.72,42
2025-09-23 10:54:00,89.68,89.68,89.68,89.68,168
2025-09-23 10:56:00,89.7,89.7,89.7,89.7,1550
2025-09-23 10:58:00,89.7,89.7,89.7,89.7,852
2025-09-23 11:10:00,89.757,89.757,89.757,89.757,302
2025-09-23 13:06:00,89.78,89.78,89.78,89.78,250
2025-09-23 13:34:00,90.027,90.027,90.027,90.027,132
2025-09-23 14:28:00,90.251,90.251,90.251,90.251,480
2025-09-23 14:42:00,90.22,90.22,90.22,90.22,178
2025-09-23 15:24:00,90.08,90.08,90.08,90.08,0
2025-09-23 15:28:00,89.9,89.96,89.9,89.96,0
2025-09-24 07:00:00,89.88,89.88,89.88,89.88,0
2025-09-24 07:12:00,89.28,89.28,89.28,89.28,1
2025-09-24 08:42:00,89.27,89.27,89.27,89.27,214
2025-09-24 08:48:00,89.14,89.14,89.14,89.14,17
2025-09-24 08:50:00,89.16,89.16,89.13,89.13,5
2025-09-24 08:56:00,89.31,89.31,89.31,89.31,1
2025-09-24 09:16:00,89.18,89.18,89.18,89.18,0
2025-09-24 09:36:00,89.217,89.217,89.217,89.217,111
2025-09-24 10:42:00,89.13,89.13,89.13,89.13,4
2025-09-24 11:50:00,89.29,89.29,89.29,89.29,0
2025-09-24 12:28:00,89.19,89.19,89.19,89.19,0
2025-09-24 12:36:00,89.34,89.34,89.34,89.34,975
2025-09-24 13:36:00,89.36,89.36,89.26,89.26,0
2025-09-25 07:00:00,89.09,89.09,88.8,89.09,0
2025-09-25 07:14:00,88.91,88.91,88.91,88.91,0
2025-09-25 07:24:00,88.87,88.87,88.87,88.87,53
2025-09-25 08:36:00,89.0,89.0,89.0,89.0,0
2025-09-25 09:18:00,89.001,89.001,89.001,89.001,175
2025-09-25 09:24:00,89.02,89.02,89.02,89.02,2
2025-09-25 09:26:00,88.87,88.87,88.87,88.87,2
2025-09-25 11:00:00,88.91,88.91,88.88,88.88,285
2025-09-25 11:20:00,88.8,88.8,88.8,88.8,0
2025-09-25 11:40:00,88.83,88.83,88.83,88.83,1
2025-09-25 12:42:00,88.6,88.6,88.6,88.6,149
2025-09-25 12:50:00,88.5,88.5,88.5,88.5,2
2025-09-25 14:22:00,88.84,88.84,88.84,88.84,0
2025-09-25 14:58:00,88.8,88.8,88.475,88.475,2157
2025-09-26 07:00:00,89.23,89.25,89.23,89.25,0
2025-09-26 07:24:00,88.91,88.91,88.91,88.91,0
2025-09-26 07:48:00,88.98,88.98,88.98,88.98,3
2025-09-26 08:34:00,89.06,89.06,89.06,89.06,0
2025-09-26 08:54:00,88.86,88.86,88.86,88.86,0
2025-09-26 09:42:00,88.948,88.948,88.948,88.948,171
2025-09-26 10:14:00,88.93,88.97,88.93,88.97,1
2025-09-26 10:54:00,88.85,88.85,88.85,88.85,1552
2025-09-26 13:52:00,89.64,89.64,89.64,89.64,2
2025-09-26 14:24:00,89.31,89.31,89.31,89.31,0
2025-09-26 15:28:00,89.33,89.34,89.33,89.34,2087
2025-09-29 07:00:00,89.88,89.88,89.88,89.88,0
2025-09-29 07:02:00,89.26,90.37,89.26,90.37,0
2025-09-29 08:06:00,89.67,89.67,89.67,89.67,0
2025-09-29 08:56:00,89.91,89.91,89.91,89.91,1
2025-09-29 09:24:00,89.89,89.89,89.89,89.89,3
2025-09-29 09:34:00,89.887,89.887,89.887,89.887,4
2025-09-29 09:54:00,89.802,89.802,89.802,89.802,1105
2025-09-29 10:34:00,89.77,89.77,89.77,89.77,0
2025-09-29 11:02:00,89.76,89.76,89.76,89.76,0
2025-09-29 11:50:00,89.814,89.814,89.814,89.814,5
2025-09-29 13:28:00,89.77,89.77,89.77,89.77,2
2025-09-29 13:30:00,89.66,89.66,89.66,89.66,94
2025-09-29 13:32:00,89.788,89.788,89.788,89.788,3
2025-09-29 14:40:00,89.71,89.71,89.71,89.71,0
2025-09-29 14:50:00,89.67,89.67,89.67,89.67,879
2025-09-29 15:28:00,89.63,89.63,89.565,89.565,0
2025-09-30 07:00:00,89.59,90.06,89.59,90.06,0
2025-09-30 07:04:00,89.86,89.86,89.86,89.86,2
2025-09-30 07:28:00,89.88,89.88,89.88,89.88,0
2025-09-30 07:34:00,89.78,89.79,89.78,89.79,57
2025-09-30 07:40:00,89.727,89.727,89.727,89.727,196
2025-09-30 07:44:00,89.718,89.718,89.718,89.718,332
2025-09-30 10:20:00,89.79,89.79,89.79,89.79,0
2025-09-30 13:22:00,89.82,89.82,89.82,89.82,55
2025-09-30 13:30:00,89.76,89.76,89.76,89.76,6
2025-09-30 14:08:00,89.68,89.68,89.68,89.68,222
2025-09-30 14:20:00,89.54,89.54,89.54,89.54,56
2025-09-30 14:38:00,89.34,89.34,89.34,89.34,0
2025-09-30 15:28:00,89.22,89.22,89.22,89.22,0
2025-10-01 07:00:00,89.17,89.62,89.09,89.09,3656
2025-10-01 07:04:00,89.06,89.06,89.06,89.06,100
2025-10-01 07:10:00,89.07,89.14,89.07,89.14,220
2025-10-01 07:16:00,89.13,89.13,89.13,89.13,0
2025-10-01 07:18:00,89.2,89.2,89.2,89.2,0
2025-10-01 07:40:00,89.12,89.13,89.12,89.13,2
2025-10-01 08:54:00,89.16,89.16,89.16,89.16,0
2025-10-01 09:40:00,89.38,89.39,89.38,89.39,1501
2025-10-01 10:42:00,89.36,89.36,89.36,89.36,0
2025-10-01 11:12:00,89.43,89.43,89.43,89.43,0
2025-10-01 11:36:00,89.54,89.54,89.54,89.54,0
2025-10-01 12:02:00,89.535,89.535,89.535,89.535,300
2025-10-01 12:34:00,89.53,89.53,89.53,89.53,3
2025-10-01 13:20:00,89.56,89.56,89.56,89.56,4
2025-10-01 13:36:00,89.4,89.4,89.4,89.4,113
2025-10-01 13:48:00,89.628,89.628,89.628,89.628,0
2025-10-01 14:22:00,89.6,89.6,89.6,89.6,16
2025-10-01 15:18:00,89.45,89.455,89.45,89.455,0
2025-10-02 07:00:00,89.08,89.96,88.86,89.14,0
2025-10-02 07:02:00,89.96,89.96,89.96,89.96,0
2025-10-02 07:10:00,89.45,89.45,89.45,89.45,13
2025-10-02 07:24:00,89.36,89.36,89.36,89.36,0
2025-10-02 07:28:00,89.37,89.39,89.37,89.39,2
2025-10-02 08:02:00,89.44,89.45,89.44,89.45,315
2025-10-02 08:40:00,89.444,89.444,89.444,89.444,823
2025-10-02 08:44:00,89.26,89.28,89.26,89.28,4
2025-10-02 09:06:00,89.52,89.52,89.52,89.52,418
2025-10-02 09:24:00,89.402,89.402,89.402,89.402,588
2025-10-02 11:26:00,89.48,89.49,89.48,89.49,341
2025-10-02 13:30:00,89.03,89.03,88.98,88.98,127
2025-10-02 13:44:00,89.16,89.16,89.16,89.16,142
2025-10-02 14:08:00,89.06,89.06,89.06,89.06,60
2025-10-02 14:16:00,88.97,88.97,88.97,88.97,2
2025-10-02 15:12:00,88.86,88.86,88.86,88.86,419
2025-10-02 15:16:00,88.825,88.825,88.825,88.825,0
2025-10-03 07:00:00,89.47,89.47,88.87,89.42,0
2025-10-03 07:10:00,89.48,89.48,89.48,89.48,49
2025-10-03 08:38:00,89.405,89.405,89.405,89.405,334
2025-10-03 09:24:00,89.487,89.487,89.487,89.487,0
2025-10-03 09:28:00,89.5,89.5,89.5,89.5,0
2025-10-03 09:44:00,89.41,89.41,89.41,89.41,254
2025-10-03 10:40:00,89.57,89.57,89.57,89.57,0
2025-10-03 11:16:00,89.32,89.32,89.32,89.32,256
2025-10-03 13:32:00,89.48,89.48,89.48,89.48,1129
2025-10-03 13:34:00,89.62,89.62,89.62,89.62,0
2025-10-03 13:42:00,89.58,89.58,89.58,89.58,0
2025-10-03 13:48:00,89.73,89.73,89.73,89.73,1134
2025-10-03 14:06:00,89.55,89.55,89.55,89.55,0
2025-10-03 14:30:00,89.848,89.848,89.848,89.848,39
2025-10-03 15:02:00,89.76,89.76,89.76,89.76,44
2025-10-03 15:26:00,89.661,89.675,89.661,89.675,2127
2025-10-06 07:02:00,89.23,90.33,89.23,90.33,0
2025-10-06 07:12:00,89.766,89.766,89.766,89.766,310
2025-10-06 07:24:00,89.75,89.75,89.75,89.75,45
2025-10-06 07:32:00,89.82,89.82,89.82,89.82,6
2025-10-06 07:34:00,89.85,89.85,89.85,89.85,0
2025-10-06 07:38:00,89.8,89.82,89.8,89.82,668
2025-10-06 07:40:00,89.84,89.84,89.84,89.84,0
2025-10-06 08:30:00,89.547,89.547,89.547,89.547,1915
2025-10-06 08:34:00,89.63,89.63,89.63,89.63,37
2025-10-06 08:44:00,89.637,89.637,89.637,89.637,40
2025-10-06 08:58:00,89.68,89.68,89.68,89.68,0
2025-10-06 09:50:00,89.73,89.73,89.73,89.73,0
2025-10-06 10:02:00,89.73,89.73,89.73,89.73,1975
2025-10-06 13:30:00,90.04,90.04,90.04,90.04,0
2025-10-06 13:34:00,89.87,89.87,89.87,89.87,0
2025-10-06 13:52:00,89.65,89.65,89.65,89.65,0
2025-10-06 14:04:00,89.26,89.26,89.11,89.11,2441
2025-10-06 14:18:00,89.44,89.46,89.44,89.46,2443
2025-10-06 15:02:00,89.63,89.63,89.63,89.63,0
2025-10-06 15:08:00,89.79,89.79,89.735,89.735,0
2025-10-07 07:00:00,89.66,89.66,89.66,89.66,0
2025-10-07 07:02:00,89.264,89.66,89.264,89.66,508
2025-10-07 07:14:00,89.38,89.38,89.38,89.38,0
2025-10-07 08:10:00,89.39,89.39,89.39,89.39,590
2025-10-07 08:42:00,89.37,89.37,89.37,89.37,9
2025-10-07 10:50:00,89.55,89.55,89.55,89.55,0
2025-10-07 13:16:00,89.65,89.65,89.65,89.65,310
2025-10-07 14:10:00,89.7,89.7,89.7,89.7,22
2025-10-07 14:52:00,89.52,89.52,89.52,89.52,0
2025-10-07 15:00:00,89.38,89.55,89.38,89.55,5
2025-10-07 15:20:00,89.38,89.38,89.38,89.38,245
2025-10-07 15:28:00,89.28,89.4,89.28,89.4,0
2025-10-08 08:50:00,89.54,89.54,89.54,89.54,220
2025-10-08 09:10:00,89.44,89.44,89.44,89.44,0
2025-10-08 10:56:00,89.63,89.63,89.63,89.63,0
2025-10-08 13:34:00,89.37,89.37,89.37,89.37,0
2025-10-08 14:54:00,89.6,89.6,89.6,89.6,612
2025-10-08 14:58:00,89.62,89.62,89.62,89.62,2
2025-10-09 07:00:00,89.56,89.56,89.56,89.56,0
2025-10-09 07:06:00,89.2,89.2,89.2,89.2,0
2025-10-09 07:22:00,89.22,89.22,89.22,89.22,0
2025-10-09 07:42:00,89.14,89.14,89.13,89.13,8
2025-10-09 08:46:00,88.95,88.95,88.95,88.95,0
2025-10-09 09:06:00,88.98,88.98,88.98,88.98,0
2025-10-09 09:44:00,89.08,89.08,89.08,89.08,0
2025-10-09 11:04:00,89.24,89.24,89.24,89.24,0
2025-10-09 12:38:00,89.08,89.36,89.08,89.36,98
2025-10-09 13:10:00,89.23,89.23,89.23,89.23,8
2025-10-09 13:34:00,89.29,89.29,89.29,89.29,0
2025-10-09 13:38:00,89.48,89.48,89.48,89.48,0
2025-10-09 15:02:00,88.9,88.9,88.9,88.9,302
2025-10-10 07:00:00,88.2,88.57,88.2,88.57,0
2025-10-10 07:04:00,88.8,88.8,88.8,88.8,6
2025-10-10 07:10:00,89.03,89.03,88.81,88.81,0
2025-10-10 07:20:00,88.84,88.84,88.84,88.84,0
2025-10-10 07:38:00,88.84,88.84,88.84,88.84,24
2025-10-10 09:08:00,88.81,88.81,88.81,88.81,0
2025-10-10 12:44:00,88.75,88.75,88.75,88.75,0
2025-10-10 13:08:00,88.76,88.76,88.76,88.76,133
2025-10-10 13:24:00,88.62,88.62,88.62,88.62,7
2025-10-10 13:42:00,89.11,89.11,89.11,89.11,0
2025-10-10 14:40:00,88.76,88.76,88.76,88.76,1106
2025-10-10 14:58:00,88.55,88.55,88.55,88.55,0
2025-10-10 15:02:00,88.32,88.32,88.31,88.31,6
2025-10-10 15:28:00,87.94,87.94,87.915,87.915,0
2025-10-13 07:00:00,88.01,88.09,87.42,88.09,0
2025-10-13 07:02:00,88.01,88.01,88.01,88.01,0
2025-10-13 07:04:00,87.94,87.94,87.94,87.94,125
2025-10-13 07:36:00,88.01,88.01,88.01,88.01,0
2025-10-13 07:52:00,87.99,87.99,87.99,87.99,35
2025-10-13 08:00:00,87.922,87.922,87.922,87.922,2730
2025-10-13 08:18:00,87.94,87.94,87.94,87.94,0
2025-10-13 09:14:00,87.877,87.877,87.877,87.877,12
2025-10-13 09:16:00,87.92,87.92,87.92,87.92,7
2025-10-13 09:26:00,87.9,87.9,87.9,87.9,30
2025-10-13 11:36:00,87.49,87.49,87.49,87.49,0
2025-10-13 12:44:00,87.47,87.47,87.47,87.47,0
2025-10-13 13:56:00,87.6,87.6,87.6,87.6,0
2025-10-13 14:08:00,87.73,87.73,87.73,87.73,1711
2025-10-13 14:42:00,87.64,87.64,87.64,87.64,70
2025-10-13 14:54:00,87.64,87.64,87.64,87.64,185
2025-10-13 15:08:00,87.62,87.62,87.62,87.62,0
2025-10-13 15:16:00,87.77,87.815,87.77,87.815,0
2025-10-14 07:00:00,87.7,87.7,87.7,87.7,0
2025-10-14 07:22:00,87.25,87.25,87.25,87.25,1
2025-10-14 07:36:00,87.13,87.13,87.13,87.13,258
2025-10-14 07:38:00,87.07,87.07,87.07,87.07,424
2025-10-14 08:50:00,87.357,87.357,87.357,87.357,1264
2025-10-14 10:08:00,87.32,87.32,87.32,87.32,738
2025-10-14 10:10:00,87.17,87.17,87.17,87.17,0
2025-10-14 10:12:00,87.33,87.33,87.33,87.33,0
2025-10-14 12:00:00,87.43,87.43,87.43,87.43,0
2025-10-14 13:28:00,87.383,87.383,87.383,87.383,2221
2025-10-14 13:38:00,87.36,87.36,87.36,87.36,83
2025-10-14 13:50:00,87.22,87.23,87.22,87.23,0
2025-10-14 14:00:00,87.6,87.6,87.6,87.6,220
2025-10-14 14:46:00,88.04,88.04,88.04,88.04,0
2025-10-14 15:12:00,88.0,88.07,88.0,88.07,0
2025-10-15 07:00:00,88.83,89.17,88.83,89.17,0
2025-10-15 07:04:00,89.019,89.019,89.019,89.019,2850
2025-10-15 07:36:00,88.936,88.936,88.936,88.936,288
2025-10-15 08:04:00,89.04,89.04,89.04,89.04,286
2025-10-15 08:34:00,89.0,89.024,89.0,89.024,280
2025-10-15 08:44:00,88.91,88.91,88.91,88.91,1
2025-10-15 08:46:00,89.09,89.09,89.09,89.09,0
2025-10-15 09:24:00,89.11,89.11,89.11,89.11,0
2025-10-15 09:36:00,89.14,89.14,89.14,89.14,3575
2025-10-15 09:44:00,89.16,89.16,89.16,89.16,0
2025-10-15 10:02:00,89.17,89.17,89.17,89.17,0
2025-10-15 11:48:00,89.27,89.27,89.27,89.27,3605
2025-10-15 12:26:00,89.11,89.11,89.11,89.11,0
2025-10-15 13:06:00,88.95,88.95,88.95,88.95,0
2025-10-15 13:16:00,89.11,89.11,89.11,89.11,3606
2025-10-15 13:28:00,89.18,89.18,89.18,89.18,0
2025-10-15 13:48:00,89.16,89.16,89.16,89.16,0
2025-10-16 07:00:00,88.6,88.6,88.6,88.6,0
2025-10-16 07:38:00,88.66,88.66,88.66,88.66,1
2025-10-16 07:46:00,88.73,88.73,88.73,88.73,16
2025-10-16 07:54:00,88.56,88.56,88.56,88.56,0
2025-10-16 08:06:00,88.58,88.58,88.58,88.58,2
2025-10-16 08:16:00,88.757,88.757,88.757,88.757,10
2025-10-16 08:32:00,88.688,88.688,88.688,88.688,0
2025-10-16 09:36:00,88.798,88.798,88.798,88.798,146
2025-10-16 09:38:00,88.8,88.8,88.8,88.8,0
2025-10-16 10:26:00,88.99,88.99,88.99,88.99,393
2025-10-16 11:38:00,88.77,88.77,88.77,88.77,8385
2025-10-16 12:38:00,88.77,88.77,88.77,88.77,222
2025-10-16 13:32:00,88.277,88.277,88.277,88.277,231
2025-10-16 13:38:00,88.29,88.29,88.29,88.29,0
2025-10-16 13:50:00,88.28,88.28,88.28,88.28,145
2025-10-16 13:56:00,88.14,88.14,88.14,88.14,8
2025-10-16 14:54:00,88.13,88.13,88.08,88.08,0
2025-10-17 07:10:00,86.12,86.12,86.12,86.12,0
2025-10-17 07:24:00,85.93,85.93,85.93,85.93,0
2025-10-17 07:28:00,85.65,85.65,85.65,85.65,200
2025-10-17 08:38:00,85.785,85.785,85.785,85.785,260
2025-10-17 08:56:00,85.74,85.74,85.74,85.74,0
2025-10-17 09:36:00,85.77,85.77,85.77,85.77,113
2025-10-17 10:04:00,86.0,86.0,86.0,86.0,0
2025-10-17 10:56:00,86.0,86.0,86.0,86.0,0
2025-10-17 13:56:00,87.06,87.06,87.06,87.06,404
2025-10-17 14:14:00,87.24,87.24,87.24,87.24,0
2025-10-17 14:22:00,86.924,86.924,86.924,86.924,246
2025-10-17 14:30:00,87.05,87.05,86.73,86.73,0
2025-10-20 07:00:00,87.34,87.78,87.34,87.4,0
2025-10-20 07:04:00,87.44,87.44,87.44,87.44,1
2025-10-20 07:38:00,87.68,87.68,87.68,87.68,0
2025-10-20 07:42:00,87.69,87.69,87.69,87.69,0
2025-10-20 08:46:00,87.363,87.363,87.363,87.363,343
2025-10-20 08:58:00,87.405,87.405,87.405,87.405,92
2025-10-20 09:54:00,87.43,87.43,87.43,87.43,0
2025-10-20 10:48:00,87.46,87.46,87.46,87.46,441
2025-10-20 12:14:00,87.57,87.57,87.57,87.57,0
2025-10-20 13:30:00,87.68,87.68,87.68,87.68,0
2025-10-20 13:42:00,87.45,87.45,87.45,87.45,439
2025-10-20 14:14:00,87.79,87.79,87.79,87.79,800
2025-10-20 14:20:00,87.6,87.6,87.6,87.6,0
2025-10-20 15:06:00,87.88,87.88,87.88,87.88,469
2025-10-21 07:00:00,87.74,88.23,87.74,88.23,0
2025-10-21 07:08:00,87.882,87.882,87.876,87.876,807
2025-10-21 07:14:00,87.98,87.98,87.98,87.98,0
2025-10-21 12:52:00,88.0,88.0,88.0,88.0,808
2025-10-21 13:50:00,88.14,88.14,88.14,88.14,0
2025-10-21 14:58:00,88.297,88.297,88.297,88.297,824
2025-10-21 15:18:00,88.15,88.15,88.125,88.125,0
2025-10-22 07:00:00,88.21,88.21,88.21,88.21,0
2025-10-22 08:24:00,87.9,87.9,87.9,87.9,0
2025-10-22 09:04:00,87.96,87.96,87.96,87.96,1
2025-10-22 11:04:00,87.82,87.82,87.79,87.79,564
2025-10-22 11:28:00,87.81,87.81,87.81,87.81,0
2025-10-22 11:36:00,87.93,87.93,87.93,87.93,0
2025-10-22 12:32:00,87.79,87.79,87.79,87.79,520
2025-10-22 14:00:00,87.779,87.779,87.779,87.779,87
2025-10-22 14:24:00,87.768,87.768,87.768,87.768,263
2025-10-22 14:58:00,87.82,87.82,87.82,87.82,290
2025-10-22 15:26:00,87.75,87.75,87.75,87.75,0
