dayoftheyear,houroftheday,open,high,low,close,volume,WLLDE
251,7,3742.30,3742.30,3742.30,3742.30,0,3742.09
251,7,3736.75,3741.20,3736.75,3741.00,32,3741.60
251,7,3741.00,3744.09,3741.00,3744.09,11,3741.10
251,7,3740.25,3740.25,3740.25,3740.25,0,3740.61
251,7,3742.00,3742.00,3742.00,3742.00,1700,3740.12
251,7,3742.50,3742.50,3742.50,3742.50,0,3739.63
251,8,3741.80,3744.23,3741.80,3744.23,1835,3739.14
251,8,3740.25,3740.25,3740.25,3740.25,2,3738.65
251,8,3740.00,3740.00,3740.00,3740.00,0,3738.15
251,8,3740.75,3740.75,3740.75,3740.75,13,3737.66
251,8,3743.25,3743.25,3743.25,3743.25,0,3737.17
251,8,3740.25,3740.25,3740.25,3740.25,1914,3736.68
251,9,3736.98,3736.98,3736.98,3736.98,270,3736.19
251,9,3735.25,3735.25,3735.25,3735.25,0,3735.70
251,9,3743.50,3743.50,3743.50,3743.50,0,3735.20
251,10,3734.50,3734.50,3734.50,3734.50,0,3734.71
251,10,3733.24,3734.34,3733.24,3734.34,2852,3734.22
251,10,3731.34,3731.34,3731.34,3731.34,0,3733.73
251,11,3734.50,3734.50,3734.50,3734.50,0,3733.24
251,11,3729.75,3729.75,3729.75,3729.75,0,3732.75
251,11,3734.25,3734.25,3734.25,3734.25,0,3732.25
251,12,3730.75,3730.75,3730.75,3730.75,0,3733.40
251,12,3732.00,3732.00,3732.00,3732.00,2777,3734.54
251,12,3732.75,3732.75,3732.75,3732.75,2,3735.68
251,13,3731.75,3731.75,3731.75,3731.75,0,3736.83
251,13,3730.00,3730.00,3730.00,3730.00,1,3737.97
251,13,3734.25,3734.25,3734.25,3734.25,1364,3739.11
251,13,3734.00,3734.00,3734.00,3734.00,0,3740.25
251,13,3734.50,3734.50,3734.50,3734.50,0,3741.40
251,13,3736.75,3736.75,3736.75,3736.75,0,3742.54
251,13,3736.50,3736.50,3736.50,3736.50,3269,3743.68
251,13,3732.75,3732.75,3732.75,3732.75,0,3744.83
251,14,3731.00,3731.00,3731.00,3731.00,3275,3745.97
251,14,3732.47,3732.47,3732.47,3732.47,1,3747.11
251,14,3729.00,3729.00,3729.00,3729.00,10,3748.25
251,15,3735.25,3735.25,3735.25,3735.25,2,3749.40
251,15,3736.50,3736.50,3736.50,3736.50,99,3750.54
251,15,3739.50,3739.50,3739.50,3739.50,67,3751.68
252,7,3750.00,3753.75,3750.00,3753.75,0,3752.83
252,7,3753.75,3753.75,3752.70,3752.70,265,3753.97
252,7,3756.50,3756.50,3756.50,3756.50,0,3755.11
252,7,3756.00,3756.00,3755.25,3755.25,268,3755.37
252,7,3754.75,3755.25,3754.75,3755.25,1,3755.62
252,7,3755.75,3755.75,3755.75,3755.75,0,3755.88
252,7,3756.00,3756.00,3755.00,3755.00,0,3756.13
252,7,3755.12,3755.12,3755.12,3755.12,1333,3756.39
252,8,3757.24,3757.24,3757.03,3757.03,19,3756.64
252,8,3758.00,3758.00,3758.00,3758.00,17,3756.90
252,9,3754.84,3754.84,3754.84,3754.84,50,3757.15
252,9,3756.25,3756.25,3756.25,3756.25,0,3757.41
252,9,3756.12,3756.12,3756.12,3756.12,917,3757.66
252,10,3757.08,3757.08,3757.08,3757.08,9,3757.91
252,10,3757.26,3757.26,3757.26,3757.26,30,3758.17
252,10,3759.25,3759.25,3759.25,3759.25,0,3758.42
252,11,3760.25,3760.25,3760.25,3760.25,500,3758.68
252,12,3761.08,3761.08,3761.08,3761.08,902,3758.93
252,12,3761.35,3761.35,3761.35,3761.35,0,3759.19
252,12,3761.75,3761.75,3761.75,3761.75,596,3759.44
252,13,3757.59,3757.59,3757.59,3757.59,0,3759.70
252,13,3759.75,3759.75,3759.75,3759.75,7995,3759.95
252,13,3759.23,3759.23,3759.23,3759.23,0,3760.21
252,13,3761.97,3761.97,3761.97,3761.97,11,3762.41
252,13,3765.84,3765.84,3765.84,3765.84,1,3764.60
252,13,3762.49,3762.49,3762.49,3762.49,34,3766.80
252,13,3764.69,3764.69,3764.69,3764.69,103,3769.00
252,14,3766.00,3766.00,3766.00,3766.00,40,3771.20
252,14,3768.20,3768.20,3768.20,3768.20,2,3773.40
252,14,3770.48,3770.48,3770.48,3770.48,4,3775.59
252,14,3773.50,3773.50,3773.50,3773.50,6,3777.79
252,14,3771.25,3771.25,3771.25,3771.25,0,3779.99
252,14,3769.25,3769.25,3769.25,3769.25,6,3782.19
252,14,3769.00,3769.00,3769.00,3769.00,530,3784.38
252,15,3772.00,3772.00,3772.00,3772.00,27,3786.58
253,7,3803.54,3809.50,3803.54,3806.38,10,3788.78
253,7,3811.25,3811.25,3799.75,3800.00,0,3790.98
253,7,3806.98,3806.98,3806.98,3806.98,11,3793.18
253,7,3806.50,3806.50,3806.50,3806.50,1,3795.37
253,7,3809.50,3809.50,3806.75,3806.75,1,3797.57
253,7,3807.00,3807.00,3807.00,3807.00,0,3799.77
253,7,3806.50,3806.50,3806.50,3806.50,272,3801.97
253,7,3803.59,3803.59,3803.59,3803.59,198,3804.17
253,7,3803.00,3803.00,3803.00,3803.00,0,3803.94
253,8,3800.68,3800.68,3800.68,3800.68,286,3803.72
253,8,3801.75,3801.75,3801.75,3801.75,0,3803.49
253,8,3801.50,3801.50,3801.50,3801.50,2,3803.27
253,8,3799.50,3799.50,3799.50,3799.50,5,3803.04
253,9,3797.75,3797.75,3797.75,3797.75,1365,3802.82
253,9,3796.18,3796.18,3796.18,3796.18,262,3802.60
253,9,3792.34,3792.34,3792.34,3792.34,0,3802.37
253,9,3794.50,3794.50,3794.50,3794.50,0,3802.15
253,9,3793.95,3793.95,3793.95,3793.95,2080,3801.92
253,9,3796.16,3796.16,3795.36,3796.16,74,3801.70
253,10,3796.50,3796.50,3796.50,3796.50,0,3801.47
253,10,3797.25,3797.25,3797.25,3797.25,2158,3801.25
253,11,3797.25,3797.25,3797.25,3797.25,3,3801.03
253,11,3794.38,3794.38,3794.38,3794.38,105,3800.80
253,12,3792.75,3795.00,3792.75,3795.00,0,3800.58
253,12,3795.50,3795.50,3795.50,3795.50,2267,3800.35
253,12,3799.05,3799.05,3799.05,3799.05,400,3800.13
253,12,3799.85,3799.85,3799.85,3799.85,0,3799.90
253,12,3801.00,3801.00,3801.00,3801.00,0,3799.68
253,13,3797.05,3797.05,3797.05,3797.05,2521,3799.02
253,13,3800.75,3800.75,3800.75,3800.75,285,3798.37
253,13,3796.01,3796.01,3796.00,3796.00,286,3797.71
253,14,3796.75,3796.75,3796.75,3796.75,2356,3797.06
253,14,3800.25,3800.25,3800.25,3800.25,0,3796.40
253,14,3802.75,3802.75,3802.75,3802.75,9,3795.75
253,14,3806.25,3806.25,3806.25,3806.25,23,3795.09
253,14,3803.77,3803.77,3803.77,3803.77,14,3794.44
253,14,3803.20,3803.20,3803.20,3803.20,174,3793.78
253,14,3802.00,3802.00,3802.00,3802.00,0,3793.12
253,15,3804.00,3804.00,3804.00,3804.00,24,3792.47
253,15,3801.75,3803.50,3801.75,3802.62,189,3791.81
254,7,3788.67,3790.50,3788.67,3790.50,0,3791.16
254,7,3786.49,3790.50,3786.49,3790.50,11,3790.50
254,7,3786.30,3786.30,3786.19,3786.19,8,3789.85
254,7,3786.00,3786.00,3785.75,3785.75,7,3789.19
254,7,3786.50,3788.25,3786.50,3788.25,2,3788.53
254,7,3786.75,3786.75,3786.75,3786.75,125,3787.88
254,7,3787.64,3787.64,3787.64,3787.64,97,3787.22
254,7,3784.75,3784.75,3784.75,3784.75,0,3786.57
254,7,3789.25,3789.25,3789.25,3789.25,0,3786.65
254,7,3784.00,3784.00,3784.00,3784.00,680,3786.73
254,8,3783.00,3783.00,3783.00,3783.00,0,3786.81
254,8,3782.75,3782.75,3782.75,3782.75,229,3786.89
254,8,3782.00,3782.59,3782.00,3782.59,780,3786.97
254,8,3784.75,3784.75,3784.75,3784.75,0,3787.06
254,9,3786.00,3786.00,3786.00,3786.00,800,3787.14
254,9,3784.50,3784.50,3784.50,3784.50,0,3787.22
254,9,3783.78,3783.78,3783.78,3783.78,32,3787.30
254,9,3785.00,3785.00,3784.50,3784.50,532,3787.38
254,9,3784.00,3784.00,3784.00,3784.00,132,3787.46
254,9,3785.27,3785.27,3785.25,3785.25,183,3787.55
254,10,3791.25,3791.25,3791.25,3791.25,0,3787.63
254,11,3788.25,3788.25,3788.25,3788.25,2385,3787.71
254,11,3788.50,3788.75,3788.50,3788.75,458,3787.79
254,11,3788.50,3788.50,3788.50,3788.50,458,3787.87
254,11,3790.00,3790.00,3789.00,3789.00,259,3787.95
254,11,3789.00,3789.00,3789.00,3789.00,458,3788.03
254,11,3788.25,3788.25,3788.25,3788.25,0,3788.12
254,11,3790.50,3790.50,3788.25,3788.25,229,3788.20
254,11,3787.75,3787.75,3787.75,3787.75,229,3788.98
254,11,3787.00,3789.16,3787.00,3789.16,1770,3789.77
254,11,3790.50,3790.50,3790.50,3790.50,229,3790.56
254,12,3787.75,3787.75,3787.75,3787.75,1407,3791.34
254,12,3787.25,3787.25,3787.25,3787.25,458,3792.13
254,12,3786.75,3786.75,3786.75,3786.75,1471,3792.91
254,12,3787.50,3789.25,3787.50,3789.25,14250,3793.70
254,12,3787.36,3787.36,3787.36,3787.36,240,3794.48
254,13,3791.50,3791.50,3791.50,3791.50,338,3795.27
254,13,3789.25,3789.25,3789.25,3789.25,229,3796.06
254,13,3788.49,3788.49,3788.49,3788.49,0,3796.84
254,13,3789.75,3789.75,3789.50,3789.75,2566,3797.63
254,13,3790.75,3791.00,3790.75,3791.00,6178,3798.41
254,13,3791.25,3791.25,3791.25,3791.25,2356,3799.20
254,13,3794.50,3794.50,3794.50,3794.50,0,3799.98
254,13,3792.75,3792.75,3792.75,3792.75,3,3800.77
254,13,3795.25,3795.25,3795.25,3795.25,10,3801.56
254,14,3804.72,3804.72,3804.72,3804.72,16,3802.34
254,14,3802.00,3804.75,3802.00,3804.75,34629,3803.13
254,14,3803.18,3805.00,3803.18,3805.00,970,3803.91
254,14,3800.97,3800.97,3800.97,3800.97,200,3804.52
254,15,3804.25,3804.25,3804.25,3804.25,700,3805.12
254,15,3801.00,3801.00,3801.00,3801.00,279,3805.73
255,7,3816.00,3816.00,3816.00,3816.00,0,3806.33
255,7,3813.75,3816.25,3813.75,3816.25,1,3806.94
255,7,3814.76,3816.50,3814.76,3816.50,114,3807.54
255,7,3816.50,3816.50,3816.50,3816.50,1,3808.15
255,7,3816.50,3816.50,3816.50,3816.50,0,3808.75
255,7,3816.50,3816.50,3816.50,3816.50,117,3809.36
255,7,3815.70,3815.70,3815.70,3815.70,68,3809.96
255,8,3815.72,3815.72,3815.72,3815.72,4,3810.57
255,8,3813.99,3813.99,3813.99,3813.99,12,3811.17
255,8,3814.91,3814.91,3814.91,3814.91,400,3811.78
255,8,3818.50,3819.25,3818.50,3819.00,69594,3812.38
255,9,3817.05,3817.76,3817.05,3817.76,49,3812.98
255,9,3818.30,3818.30,3818.30,3818.30,49,3813.59
255,9,3820.50,3820.50,3820.50,3820.50,2600,3814.19
255,9,3818.75,3818.75,3817.38,3817.38,1320,3814.80
255,9,3817.25,3817.25,3817.25,3817.25,2,3815.40
255,10,3815.00,3815.00,3815.00,3815.00,1,3816.01
255,10,3815.75,3816.50,3815.75,3816.50,1454,3816.14
255,10,3815.34,3815.34,3815.34,3815.34,104,3816.26
255,10,3815.16,3815.25,3815.16,3815.25,53,3816.39
255,10,3815.86,3815.86,3815.86,3815.86,523,3816.52
255,10,3815.99,3815.99,3815.99,3815.99,14,3816.64
255,11,3818.25,3818.25,3818.25,3818.25,0,3816.77
255,11,3818.00,3818.00,3818.00,3818.00,1,3816.90
255,11,3818.75,3819.00,3818.75,3819.00,2,3817.02
255,11,3820.00,3820.00,3820.00,3820.00,1,3817.15
255,11,3820.50,3820.50,3820.50,3820.50,0,3817.28
255,11,3820.50,3820.50,3820.50,3820.50,1,3817.40
255,11,3821.49,3821.49,3821.49,3821.49,172,3817.53
255,11,3821.50,3821.50,3821.50,3821.50,1,3817.66
255,11,3822.50,3822.50,3822.50,3822.50,2,3817.78
255,11,3823.50,3823.50,3823.50,3823.50,0,3817.91
255,12,3821.08,3821.08,3821.08,3821.08,430,3818.04
255,12,3820.50,3820.50,3820.50,3820.50,1,3818.16
255,12,3818.50,3818.50,3818.50,3818.50,1,3818.29
255,12,3819.50,3819.50,3819.50,3819.50,2,3818.42
255,12,3817.94,3817.94,3817.94,3817.94,1,3818.54
255,12,3818.50,3818.50,3818.50,3818.50,1,3818.21
255,12,3819.75,3819.75,3819.75,3819.75,0,3817.88
255,13,3819.75,3819.75,3819.75,3819.75,1,3817.55
255,13,3820.50,3820.50,3820.50,3820.50,2,3817.22
255,13,3820.75,3820.75,3820.75,3820.75,0,3816.89
255,13,3819.00,3819.00,3819.00,3819.00,72399,3816.55
255,13,3816.50,3816.50,3816.50,3816.50,1,3816.22
255,13,3816.75,3817.25,3816.75,3817.25,2,3815.89
255,13,3816.50,3820.00,3816.50,3820.00,3,3815.56
255,13,3814.50,3814.50,3814.50,3814.50,2,3815.23
255,13,3815.00,3815.00,3814.00,3814.00,2,3814.90
255,13,3814.50,3814.50,3814.50,3814.50,1,3814.57
255,13,3815.00,3815.75,3815.00,3815.75,3,3814.24
255,14,3812.50,3812.50,3812.25,3812.25,833,3813.90
255,14,3811.50,3811.50,3810.50,3810.50,2401,3813.57
255,14,3808.25,3808.25,3808.00,3808.00,358,3813.24
255,14,3811.97,3811.97,3811.97,3811.97,393,3812.91
255,14,3813.49,3813.49,3813.49,3813.49,126,3812.58
255,15,3812.81,3812.81,3812.81,3812.81,0,3812.25
255,15,3811.35,3811.35,3811.35,3811.35,18,3811.92
255,15,3811.25,3811.25,3810.75,3810.75,0,3812.09
258,7,3818.50,3818.50,3818.50,3818.50,0,3812.25
258,7,3817.65,3817.65,3817.65,3817.65,6,3812.42
258,7,3819.25,3819.25,3814.25,3819.25,18,3812.59
258,7,3818.00,3818.00,3818.00,3818.00,0,3812.76
258,7,3816.25,3817.24,3816.25,3817.24,585,3812.93
258,7,3816.00,3816.00,3816.00,3816.00,97,3813.10
258,7,3819.25,3819.25,3819.25,3819.25,0,3813.27
258,7,3818.00,3818.00,3818.00,3818.00,0,3813.43
258,7,3817.50,3817.50,3817.50,3817.50,0,3813.60
258,7,3817.00,3817.00,3817.00,3817.00,0,3813.77
258,7,3819.75,3819.75,3819.75,3819.75,0,3813.94
258,7,3819.45,3819.92,3819.45,3819.92,704,3814.11
258,7,3818.75,3818.75,3818.75,3818.75,0,3814.28
258,7,3818.25,3818.25,3818.25,3818.25,706,3814.45
258,8,3816.25,3816.25,3816.25,3816.25,0,3814.62
258,8,3813.67,3813.67,3813.67,3813.67,655,3814.78
258,8,3816.00,3816.00,3816.00,3816.00,0,3814.95
258,8,3816.42,3816.42,3816.42,3816.42,1596,3815.12
258,8,3815.25,3815.25,3815.25,3815.25,1200,3815.29
258,9,3812.75,3814.00,3812.75,3814.00,0,3815.35
258,9,3816.38,3816.38,3816.38,3816.38,208,3815.41
258,9,3810.88,3810.88,3810.88,3810.88,107,3815.46
258,9,3811.86,3811.86,3811.86,3811.86,524,3815.52
258,9,3812.09,3812.09,3812.09,3812.09,0,3815.58
258,9,3812.30,3812.30,3812.30,3812.30,22,3815.64
258,9,3813.25,3813.25,3813.25,3813.25,0,3815.70
258,10,3806.50,3806.50,3806.50,3806.50,0,3815.76
258,10,3810.46,3810.46,3810.46,3810.46,3040,3815.81
258,11,3809.50,3809.50,3809.50,3809.50,19,3815.87
258,11,3807.78,3807.78,3807.78,3807.78,36,3815.93
258,11,3811.75,3811.75,3811.75,3811.75,0,3815.99
258,12,3809.75,3809.75,3809.75,3809.75,4231,3816.05
258,12,3816.50,3816.50,3816.50,3816.50,4,3816.10
258,12,3819.75,3819.75,3819.75,3819.75,374,3816.16
258,13,3820.25,3820.25,3820.25,3820.25,0,3816.22
258,13,3816.00,3816.00,3816.00,3816.00,2836,3816.28
258,13,3816.88,3816.88,3816.88,3816.88,100,3816.34
258,13,3816.25,3816.25,3814.69,3814.69,0,3816.39
258,13,3816.25,3816.25,3816.25,3816.25,0,3816.45
258,13,3817.74,3817.74,3817.74,3817.74,7427,3817.33
258,14,3822.03,3822.03,3821.25,3821.25,119,3818.22
258,14,3820.38,3820.38,3820.38,3820.38,38,3819.10
258,14,3822.97,3822.97,3822.97,3822.97,0,3819.98
258,14,3824.02,3824.02,3824.02,3824.02,104,3820.86
258,14,3826.98,3826.98,3824.52,3824.52,83,3821.74
258,14,3827.75,3827.75,3827.75,3827.75,408,3822.63
258,14,3830.00,3830.00,3830.00,3830.00,714,3823.51
258,14,3829.00,3829.00,3829.00,3829.00,469,3824.39
258,14,3827.09,3827.09,3827.09,3827.09,62,3825.27
258,14,3828.00,3828.00,3828.00,3828.00,580,3826.16
258,15,3824.50,3826.87,3824.50,3824.50,0,3827.04
259,7,3837.03,3837.03,3837.03,3837.03,249,3827.92
259,7,3842.00,3842.00,3842.00,3842.00,13,3828.80
259,7,3839.25,3839.25,3839.25,3839.25,0,3829.68
259,7,3838.04,3838.75,3838.04,3838.75,651,3830.57
259,7,3835.75,3835.75,3835.75,3835.75,5000,3831.45
259,7,3837.00,3837.25,3836.75,3837.25,3,3832.33
259,7,3836.25,3836.25,3836.25,3836.25,349,3833.21
259,7,3831.75,3831.75,3831.75,3831.75,53,3834.10
259,8,3835.50,3835.50,3835.50,3835.50,902,3833.85
259,8,3835.75,3835.75,3835.75,3835.75,1800,3833.61
259,8,3837.00,3837.00,3837.00,3837.00,0,3833.37
259,9,3833.49,3833.49,3833.49,3833.49,31,3833.13
259,9,3830.86,3830.86,3830.86,3830.86,64,3832.88
259,10,3832.07,3832.07,3832.07,3832.07,63,3832.64
259,10,3832.82,3832.82,3832.82,3832.82,3,3832.40
259,11,3832.40,3832.40,3832.40,3832.40,31,3832.16
259,11,3834.48,3834.48,3834.48,3834.48,63,3831.92
259,12,3835.00,3835.00,3835.00,3835.00,0,3831.67
259,12,3832.76,3833.50,3832.76,3833.50,37,3831.43
259,13,3831.50,3831.50,3831.50,3831.50,0,3831.19
259,13,3825.25,3825.25,3825.25,3825.25,30,3830.95
259,13,3821.25,3821.25,3821.25,3821.25,134,3830.70
259,13,3821.25,3825.00,3821.25,3825.00,220,3830.46
259,14,3820.02,3820.02,3820.02,3820.02,33,3830.22
259,14,3824.48,3824.48,3824.48,3824.48,936,3829.98
259,14,3830.25,3830.25,3830.25,3830.25,0,3829.74
259,14,3829.38,3829.38,3827.17,3827.17,1165,3829.49
259,15,3828.50,3828.50,3828.50,3828.50,0,3829.25
259,15,3830.00,3830.00,3828.25,3828.25,427,3830.47
260,7,3855.85,3855.85,3855.64,3855.64,0,3831.68
260,7,3858.50,3858.50,3858.50,3858.50,3,3832.90
260,7,3857.50,3857.50,3857.50,3857.50,0,3834.12
260,7,3858.75,3859.00,3858.75,3859.00,186,3835.33
260,7,3859.50,3859.50,3859.50,3859.50,0,3836.55
260,7,3859.75,3859.75,3859.75,3859.75,2,3837.77
260,7,3857.50,3857.50,3857.50,3857.50,262,3838.98
260,8,3856.94,3856.94,3856.94,3856.94,24,3840.20
260,8,3850.00,3850.00,3850.00,3850.00,0,3841.41
260,9,3855.24,3855.24,3855.24,3855.24,286,3842.63
260,9,3854.56,3854.56,3854.56,3854.56,0,3843.85
260,9,3855.14,3855.14,3855.14,3855.14,26,3845.06
260,9,3853.25,3853.25,3853.25,3853.25,2,3846.28
260,9,3852.02,3852.02,3852.02,3852.02,25,3847.50
260,9,3852.50,3852.50,3852.50,3852.50,0,3848.71
260,10,3852.72,3852.72,3852.72,3852.72,30,3849.93
260,10,3852.28,3852.28,3852.28,3852.28,89,3851.14
260,10,3853.50,3853.50,3853.50,3853.50,0,3852.36
260,10,3853.26,3853.26,3853.26,3853.26,759,3853.58
260,10,3854.06,3854.06,3854.06,3854.06,1097,3853.76
260,10,3856.00,3856.00,3856.00,3856.00,4,3853.94
260,10,3853.75,3853.75,3853.75,3853.75,758,3854.12
260,11,3854.16,3854.16,3854.16,3854.16,44,3854.31
260,11,3856.74,3856.74,3856.74,3856.74,448,3854.49
260,11,3857.54,3857.54,3857.54,3857.54,365,3854.67
260,12,3856.27,3856.27,3856.27,3856.27,52,3854.85
260,13,3859.25,3859.25,3858.75,3858.75,184,3855.03
260,14,3864.72,3864.72,3864.72,3864.72,0,3855.22
260,14,3862.50,3862.50,3862.50,3862.50,1,3855.40
260,14,3864.82,3864.82,3864.82,3864.82,50,3855.58
260,14,3860.25,3860.25,3860.00,3860.00,470,3855.76
260,14,3858.25,3858.25,3858.25,3858.25,75,3855.95
261,7,3857.80,3857.80,3857.80,3857.80,0,3856.13
261,7,3858.75,3858.75,3858.75,3858.75,0,3856.31
261,7,3864.25,3864.25,3864.25,3864.25,0,3856.49
261,7,3857.50,3857.50,3857.50,3857.50,0,3856.67
261,7,3858.68,3858.68,3858.68,3858.68,533,3856.86
261,8,3855.31,3855.31,3855.31,3855.31,0,3857.04
261,8,3859.00,3859.00,3859.00,3859.00,0,3857.22
261,8,3855.75,3855.75,3855.75,3855.75,453,3857.27
261,8,3856.30,3856.30,3856.30,3856.30,200,3857.31
261,8,3856.75,3856.75,3856.75,3856.75,0,3857.36
261,8,3856.50,3856.50,3856.50,3856.50,0,3857.41
261,8,3853.75,3853.75,3853.75,3853.75,0,3857.46
261,9,3856.50,3856.50,3856.50,3856.50,0,3857.50
261,9,3857.25,3857.25,3857.25,3857.25,726,3857.55
261,9,3857.25,3857.25,3856.73,3856.73,654,3857.60
261,9,3858.75,3858.75,3858.75,3858.75,16,3857.64
261,9,3857.19,3857.19,3857.19,3857.19,47,3857.69
261,9,3858.50,3858.50,3858.50,3858.50,0,3857.74
261,9,3863.75,3863.75,3862.05,3862.05,54,3857.78
261,10,3863.78,3863.78,3863.78,3863.78,86,3857.83
261,10,3865.50,3865.50,3865.50,3865.50,60,3857.88
261,11,3863.75,3865.25,3863.75,3865.25,501,3857.92
261,11,3868.25,3868.25,3868.25,3868.25,59,3857.97
261,11,3864.62,3864.62,3864.62,3864.62,4,3858.02
261,12,3858.50,3858.50,3858.50,3858.50,500,3858.06
261,12,3860.75,3862.00,3860.75,3862.00,1200,3858.11
261,12,3856.32,3856.32,3856.32,3856.32,2663,3858.16
261,12,3857.50,3857.50,3857.50,3857.50,0,3858.87
261,12,3859.00,3859.00,3859.00,3859.00,0,3859.59
261,12,3857.75,3858.50,3857.25,3857.25,6549,3860.30
261,13,3855.25,3855.25,3855.25,3855.25,5,3861.02
261,13,3860.50,3860.50,3860.50,3860.50,0,3861.73
261,13,3863.51,3863.51,3863.51,3863.51,6604,3862.45
261,13,3860.59,3860.59,3860.59,3860.59,0,3863.16
261,13,3864.47,3864.47,3864.47,3864.47,1,3863.88
261,14,3866.28,3866.28,3866.28,3866.28,1,3864.60
261,14,3868.50,3868.50,3868.50,3868.50,500,3865.31
261,14,3868.24,3868.25,3868.24,3868.25,330,3866.03
261,14,3868.00,3868.00,3868.00,3868.00,1000,3866.74
261,14,3869.75,3869.75,3869.75,3869.75,0,3867.46
261,14,3869.25,3869.25,3869.25,3869.25,500,3868.17
261,14,3870.25,3870.25,3870.25,3870.25,500,3868.89
261,14,3871.75,3871.75,3871.75,3871.75,500,3869.60
261,14,3875.00,3875.56,3875.00,3875.56,580,3870.32
261,14,3875.00,3875.00,3875.00,3875.00,504,3871.03
261,14,3869.76,3869.76,3869.76,3869.76,244,3871.75
261,15,3871.50,3872.75,3871.50,3872.75,15049,3872.46
261,15,3874.00,3874.00,3874.00,3874.00,1,3873.22
261,15,3874.00,3874.00,3873.11,3873.88,15540,3873.98
262,7,3872.70,3872.70,3872.70,3872.70,0,3874.74
262,7,3868.75,3874.75,3868.75,3874.75,0,3875.50
262,7,3874.00,3874.00,3874.00,3874.00,0,3876.26
262,7,3879.00,3879.00,3879.00,3879.00,0,3877.02
262,7,3880.25,3880.25,3880.25,3880.25,0,3877.77
262,7,3876.25,3876.25,3876.25,3876.25,0,3878.53
262,7,3878.75,3878.75,3878.75,3878.75,276,3879.29
262,7,3880.05,3880.05,3880.05,3880.05,46,3880.05
262,7,3877.84,3877.84,3877.84,3877.84,0,3880.81
262,7,3879.73,3879.73,3879.73,3879.73,543,3881.57
262,7,3879.41,3880.40,3879.41,3880.40,7,3882.32
262,7,3881.00,3881.00,3881.00,3881.00,260,3883.08
262,7,3882.53,3882.53,3882.53,3882.53,0,3883.84
262,7,3886.09,3886.09,3886.09,3886.09,1286,3884.60
262,7,3887.41,3887.41,3887.41,3887.41,0,3885.36
262,8,3886.38,3886.38,3886.38,3886.38,73,3886.12
262,8,3889.05,3889.05,3889.05,3889.05,6,3886.87
262,8,3888.55,3888.55,3888.55,3888.55,346,3887.63
262,8,3885.25,3885.25,3885.25,3885.25,0,3887.36
262,8,3886.76,3886.76,3884.52,3884.52,70,3887.10
262,9,3882.30,3882.30,3882.30,3882.30,298,3886.83
262,9,3882.28,3882.28,3882.28,3882.28,4,3886.56
262,10,3883.25,3883.25,3883.25,3883.25,0,3886.29
262,10,3882.33,3882.33,3882.33,3882.33,102,3886.02
262,10,3881.75,3881.75,3881.75,3881.75,0,3885.76
262,10,3884.25,3884.25,3884.25,3884.25,0,3885.49
262,10,3885.25,3885.25,3885.25,3885.25,2054,3885.22
262,11,3883.92,3883.92,3883.92,3883.92,1409,3884.95
262,11,3885.25,3885.25,3885.25,3885.25,0,3884.68
262,11,3886.75,3886.75,3886.75,3886.75,3468,3884.41
262,11,3885.50,3885.50,3885.50,3885.50,0,3884.15
262,12,3886.76,3886.76,3886.76,3886.76,3492,3883.88
262,13,3890.05,3890.05,3889.25,3889.25,511,3883.61
262,13,3889.57,3889.57,3889.57,3889.57,102,3883.34
262,13,3888.50,3888.50,3888.50,3888.50,130,3883.07
262,13,3885.25,3886.00,3885.25,3886.00,430,3882.81
262,13,3882.25,3882.25,3882.25,3882.25,0,3882.54
262,14,3882.33,3882.33,3882.33,3882.33,0,3882.27
262,14,3880.79,3880.79,3880.79,3880.79,2,3882.65
262,14,3886.25,3886.97,3886.25,3886.97,4566,3883.03
262,14,3884.29,3884.29,3884.29,3884.29,0,3883.41
262,15,3885.80,3885.80,3885.80,3885.80,14,3883.80
262,15,3886.44,3886.44,3886.44,3886.44,2570,3884.18
262,15,3888.25,3888.25,3888.25,3888.25,6902,3884.56
262,15,3889.25,3889.25,3888.50,3888.50,1662,3884.94
265,7,3900.50,3900.50,3893.31,3893.31,0,3885.32
265,7,3895.18,3895.18,3895.18,3895.18,20,3885.71
265,7,3891.71,3891.71,3891.71,3891.71,1540,3886.09
265,7,3888.50,3896.00,3888.50,3896.00,3,3886.47
265,7,3896.00,3896.00,3892.25,3896.00,2,3886.85
265,7,3895.75,3895.75,3894.25,3894.25,0,3887.23
265,7,3892.00,3892.25,3886.00,3891.75,1136,3887.61
265,7,3889.50,3889.50,3889.50,3889.50,0,3888.00
265,7,3887.00,3887.00,3887.00,3887.00,1148,3888.38
265,7,3886.25,3886.25,3886.25,3886.25,1,3888.76
265,7,3896.00,3896.00,3888.25,3888.25,160,3889.14
265,8,3890.23,3890.23,3889.15,3889.15,0,3889.52
265,8,3889.50,3889.50,3889.50,3889.50,0,3889.91
265,8,3891.50,3891.50,3891.50,3891.50,0,3889.82
265,8,3891.16,3891.16,3891.16,3891.16,1095,3889.74
265,8,3890.50,3890.50,3890.50,3890.50,2,3889.65
265,8,3890.17,3890.17,3889.53,3889.53,7508,3889.57
265,9,3886.23,3886.23,3886.23,3886.23,1137,3889.48
265,9,3885.50,3885.50,3884.81,3884.81,0,3889.40
265,9,3883.41,3883.41,3883.41,3883.41,8,3889.31
265,9,3884.04,3884.04,3884.04,3884.04,418,3889.23
265,9,3883.94,3883.94,3883.94,3883.94,2002,3889.14
265,10,3883.65,3883.65,3883.65,3883.65,0,3889.06
265,10,3884.48,3884.48,3884.48,3884.48,3438,3888.97
265,10,3888.25,3888.25,3888.25,3888.25,0,3888.89
265,10,3888.50,3889.00,3888.50,3889.00,2498,3888.80
265,10,3887.50,3887.50,3887.50,3887.50,16160,3888.72
265,10,3888.11,3888.11,3888.11,3888.11,790,3888.64
265,11,3887.50,3887.50,3887.50,3887.50,0,3888.55
265,11,3888.00,3888.00,3888.00,3888.00,10,3888.47
265,11,3888.03,3888.03,3888.03,3888.03,36,3888.38
265,11,3887.00,3887.00,3887.00,3887.00,10,3888.30
265,11,3888.50,3888.50,3888.50,3888.50,643,3888.21
265,11,3888.92,3888.92,3888.92,3888.92,482,3887.85
265,11,3888.25,3888.25,3888.25,3888.25,0,3887.48
265,11,3888.25,3888.25,3888.25,3888.25,20,3887.12
265,12,3888.99,3888.99,3888.99,3888.99,514,3886.75
265,13,3884.00,3884.00,3884.00,3884.00,389,3886.39
265,13,3886.00,3886.00,3886.00,3886.00,0,3886.02
265,13,3882.53,3882.53,3882.53,3882.53,102,3885.66
265,14,3884.75,3884.75,3884.75,3884.75,4259,3885.29
265,14,3886.25,3886.25,3886.25,3886.25,0,3884.93
265,14,3884.75,3886.24,3884.75,3886.24,3185,3884.56
265,14,3883.07,3883.07,3883.07,3883.07,743,3884.20
265,14,3884.26,3884.26,3884.26,3884.26,0,3883.83
265,15,3887.00,3887.00,3887.00,3887.00,0,3883.47
265,15,3885.20,3885.20,3884.75,3884.75,4346,3883.11
265,15,3886.00,3886.00,3886.00,3886.00,286,3882.74
265,15,3885.25,3885.25,3885.25,3885.25,4165,3882.38
265,15,3884.50,3884.50,3884.12,3884.12,0,3882.01
266,7,3878.00,3879.41,3878.00,3879.41,596,3881.65
266,7,3878.50,3878.50,3878.50,3878.50,0,3881.28
266,7,3880.53,3880.53,3880.53,3880.53,26,3880.92
266,7,3883.75,3883.75,3883.75,3883.75,1,3881.61
266,7,3883.00,3884.00,3883.00,3884.00,2,3882.31
266,7,3883.75,3884.25,3883.75,3884.25,6,3883.01
266,7,3882.50,3882.50,3882.25,3882.25,1,3883.70
266,7,3882.75,3882.75,3882.25,3882.25,545,3884.40
266,7,3881.85,3881.85,3881.85,3881.85,1094,3885.10
266,7,3882.25,3882.75,3882.00,3882.75,673,3885.79
266,8,3885.25,3885.25,3885.25,3885.25,225,3886.49
266,8,3886.50,3886.50,3886.50,3886.50,307,3887.19
266,8,3886.80,3886.80,3886.80,3886.80,385,3887.88
266,8,3896.75,3896.75,3896.75,3896.75,175,3888.58
266,8,3894.75,3894.75,3894.75,3894.75,229,3889.28
266,8,3894.99,3894.99,3894.99,3894.99,55,3889.97
266,8,3893.25,3893.25,3893.25,3893.25,1013,3890.67
266,8,3893.25,3893.25,3892.80,3892.80,995,3891.37
266,9,3892.50,3892.50,3892.50,3892.50,159,3892.06
266,9,3893.25,3893.25,3893.25,3893.25,235,3892.76
266,9,3893.10,3893.10,3893.10,3893.10,22,3893.46
266,9,3893.75,3893.75,3893.75,3893.75,225,3894.15
266,9,3895.50,3895.50,3895.50,3895.50,215,3894.85
266,9,3895.00,3895.00,3895.00,3895.00,2,3895.47
266,9,3895.06,3895.06,3895.06,3895.06,23,3896.09
266,9,3895.25,3895.25,3895.25,3895.25,225,3896.71
266,9,3896.00,3896.00,3896.00,3896.00,0,3897.32
266,9,3897.75,3897.75,3897.75,3897.75,12,3897.94
266,10,3900.00,3900.00,3900.00,3900.00,8,3898.56
266,10,3898.59,3898.59,3898.59,3898.59,4000,3899.18
266,10,3899.57,3899.57,3899.57,3899.57,4000,3899.80
266,11,3895.66,3895.66,3895.66,3895.66,76,3900.41
266,11,3896.25,3896.25,3896.25,3896.25,0,3901.03
266,11,3899.25,3899.25,3899.25,3899.25,16,3901.65
266,12,3897.64,3897.64,3897.64,3897.64,113,3902.27
266,12,3896.00,3896.00,3896.00,3896.00,317,3902.89
266,12,3895.03,3895.03,3895.03,3895.03,33,3903.51
266,13,3898.67,3898.67,3898.34,3898.34,385,3904.12
266,13,3899.25,3899.25,3899.25,3899.25,0,3904.74
266,13,3900.25,3900.25,3900.25,3900.25,17,3905.36
266,13,3898.75,3898.75,3898.75,3898.75,1122,3905.98
266,13,3895.25,3895.25,3894.75,3894.75,1121,3906.60
266,13,3911.41,3911.41,3911.41,3911.41,30,3907.21
266,14,3912.75,3912.75,3912.75,3912.75,246,3907.65
266,14,3910.25,3910.25,3910.25,3910.25,0,3908.08
266,14,3913.97,3913.97,3913.97,3913.97,669,3908.52
266,14,3911.78,3911.78,3911.50,3911.50,5,3908.95
266,14,3912.90,3912.90,3912.90,3912.90,162,3909.39
266,14,3913.25,3913.25,3913.25,3913.25,18,3909.82
266,14,3914.00,3914.00,3914.00,3914.00,4,3910.25
266,15,3911.00,3911.00,3911.00,3911.00,3700,3910.69
266,15,3910.00,3910.00,3910.00,3910.00,31,3911.12
266,15,3911.75,3911.75,3911.00,3911.00,0,3911.56
267,7,3913.50,3913.50,3912.25,3912.25,721,3911.99
267,7,3913.00,3913.00,3913.00,3913.00,0,3912.42
267,7,3911.00,3911.75,3911.00,3911.75,1,3912.86
267,7,3912.00,3912.25,3912.00,3912.25,0,3913.29
267,7,3911.75,3911.75,3911.25,3911.25,1,3913.73
267,8,3921.25,3921.25,3921.25,3921.25,1,3914.16
267,8,3918.50,3918.50,3918.50,3918.50,1413,3914.59
267,8,3919.25,3919.25,3919.25,3919.25,1,3915.03
267,8,3916.75,3916.75,3916.75,3916.75,0,3915.46
267,8,3915.18,3915.18,3915.18,3915.18,38,3915.90
267,8,3915.75,3915.75,3915.75,3915.75,3,3916.02
267,9,3916.50,3916.50,3916.48,3916.48,202,3916.15
267,9,3914.50,3914.50,3914.50,3914.50,0,3916.28
267,9,3916.10,3916.10,3916.10,3916.10,259,3916.41
267,9,3916.50,3916.75,3916.50,3916.75,1471,3916.54
267,10,3917.00,3917.00,3915.28,3915.28,107,3916.66
267,10,3914.59,3914.59,3914.59,3914.59,96,3916.79
267,11,3916.59,3916.59,3916.59,3916.59,12,3916.92
267,11,3916.50,3916.50,3916.50,3916.50,1900,3917.05
267,11,3915.50,3915.50,3915.50,3915.50,4,3917.17
267,11,3916.50,3916.50,3916.25,3916.25,0,3917.30
267,11,3916.50,3916.50,3916.00,3916.00,0,3917.43
267,11,3916.25,3917.00,3916.25,3916.50,0,3917.56
267,13,3917.26,3917.26,3917.26,3917.26,155,3917.68
267,13,3917.75,3917.75,3917.75,3917.75,81,3917.81
267,13,3921.95,3923.75,3921.95,3923.75,193,3917.94
267,13,3925.50,3925.50,3925.50,3925.50,0,3918.07
267,13,3921.72,3921.72,3921.72,3921.72,44,3918.20
267,13,3914.59,3914.59,3914.59,3914.59,20,3918.32
267,14,3919.75,3919.75,3919.75,3919.75,0,3918.45
267,14,3919.22,3919.22,3919.22,3919.22,20,3917.88
267,14,3919.38,3919.38,3919.38,3919.38,29,3917.30
267,14,3914.71,3914.71,3914.71,3914.71,330,3916.73
267,15,3911.03,3911.03,3911.03,3911.03,22,3916.16
267,15,3912.41,3912.41,3912.41,3912.41,3114,3915.58
267,15,3917.00,3917.00,3917.00,3917.00,1076,3915.01
268,7,3913.75,3913.75,3913.75,3913.75,0,3914.44
268,7,3909.47,3913.75,3909.47,3913.75,85,3913.86
268,7,3910.00,3910.00,3909.50,3909.50,1,3913.29
268,7,3906.50,3907.25,3906.50,3907.25,1,3912.72
268,7,3906.75,3906.75,3906.75,3906.75,2,3912.14
268,7,3906.34,3906.34,3906.34,3906.34,7,3911.57
268,7,3908.27,3908.27,3908.27,3908.27,99,3910.99
268,8,3916.25,3916.25,3916.25,3916.25,0,3910.42
268,8,3917.00,3917.00,3917.00,3917.00,3,3909.85
268,8,3913.00,3913.00,3913.00,3913.00,7,3909.27
268,9,3911.00,3911.00,3911.00,3911.00,0,3908.70
268,9,3912.47,3912.47,3912.47,3912.47,273,3908.13
268,9,3911.00,3911.00,3909.75,3909.75,5,3907.55
268,10,3905.25,3905.25,3905.25,3905.25,0,3906.98
268,10,3907.00,3907.00,3907.00,3907.00,1,3906.96
268,10,3903.95,3903.95,3903.95,3903.95,16,3906.95
268,11,3906.88,3906.88,3906.88,3906.88,10,3906.94
268,11,3908.00,3908.00,3908.00,3908.00,0,3906.92
268,11,3904.32,3904.32,3904.32,3904.32,642,3906.91
268,12,3903.94,3903.94,3903.94,3903.94,35,3906.89
268,12,3901.00,3901.00,3901.00,3901.00,14,3906.88
268,13,3900.46,3900.46,3900.46,3900.46,381,3906.86
268,13,3899.50,3900.50,3899.50,3900.50,2833,3906.85
268,13,3898.24,3899.00,3898.24,3899.00,38,3906.83
268,13,3901.75,3901.75,3901.75,3901.75,4,3906.82
268,13,3895.50,3895.50,3895.50,3895.50,668,3906.80
268,14,3906.98,3906.98,3906.98,3906.98,7,3906.79
268,14,3904.54,3904.54,3904.54,3904.54,2,3906.77
268,14,3913.72,3913.72,3913.72,3913.72,3932,3906.76
268,15,3916.25,3916.25,3916.25,3916.25,54,3906.74
268,15,3919.50,3919.50,3919.50,3919.50,3,3906.73
268,15,3919.66,3919.66,3919.66,3919.66,7,3906.71
268,15,3919.41,3919.41,3917.47,3918.16,38,3906.70
268,15,3914.25,3914.25,3913.25,3913.25,0,3906.68
269,7,3885.25,3885.25,3885.25,3885.25,271,3904.80
269,7,3880.00,3880.00,3880.00,3880.00,0,3902.92
269,7,3879.44,3885.00,3879.44,3885.00,1533,3901.03
269,7,3879.75,3879.75,3879.75,3879.75,0,3899.15
269,7,3879.50,3879.50,3879.50,3879.50,0,3897.27
269,7,3878.75,3878.75,3878.25,3878.25,312,3895.38
269,7,3877.25,3877.25,3877.25,3877.25,6,3893.50
269,7,3878.50,3880.00,3878.50,3880.00,6,3891.62
269,7,3880.75,3880.75,3880.75,3880.75,1818,3889.73
269,7,3881.00,3881.00,3881.00,3881.00,0,3887.85
269,7,3878.78,3878.78,3878.78,3878.78,24,3885.97
269,8,3877.50,3877.50,3877.50,3877.50,2266,3884.08
269,8,3874.50,3874.50,3874.50,3874.50,249,3882.20
269,8,3874.53,3874.53,3874.53,3874.53,0,3880.32
269,8,3872.70,3872.70,3872.70,3872.70,9,3878.43
269,8,3869.75,3869.75,3869.75,3869.75,1,3876.55
269,9,3869.00,3869.00,3869.00,3869.00,2526,3874.67
269,9,3872.73,3872.73,3872.73,3872.73,0,3872.78
269,9,3871.13,3871.13,3871.13,3871.13,2483,3870.90
269,9,3868.02,3868.02,3868.02,3868.02,18,3869.02
269,9,3868.00,3868.00,3868.00,3868.00,0,3869.37
269,9,3870.77,3870.77,3870.03,3870.03,2462,3869.73
269,9,3870.78,3870.78,3870.78,3870.78,257,3870.08
269,9,3870.51,3870.51,3870.51,3870.51,0,3870.43
269,10,3871.97,3871.97,3871.97,3871.97,450,3870.79
269,10,3872.00,3872.00,3872.00,3872.00,2475,3871.14
269,10,3869.73,3869.73,3869.73,3869.73,80,3871.49
269,10,3871.55,3871.55,3871.55,3871.55,77,3871.85
269,10,3872.25,3872.25,3872.25,3872.25,1,3872.20
269,12,3880.00,3880.00,3879.75,3879.75,0,3872.56
269,12,3880.25,3880.25,3880.25,3880.25,2466,3872.91
269,12,3879.75,3879.75,3879.75,3879.75,0,3873.26
269,12,3875.29,3875.29,3875.29,3875.29,2637,3873.62
269,12,3875.98,3875.98,3875.98,3875.98,2152,3873.97
269,12,3881.69,3881.69,3881.69,3881.69,60,3874.32
269,12,3882.50,3882.50,3882.50,3882.50,1,3874.68
269,13,3873.94,3873.94,3873.94,3873.94,65,3875.03
269,13,3873.59,3873.59,3873.59,3873.59,0,3875.39
269,13,3873.25,3873.25,3873.25,3873.25,3993,3875.74
269,13,3876.00,3876.00,3876.00,3876.00,6,3876.09
269,13,3878.84,3878.84,3878.84,3878.84,0,3877.62
269,13,3880.25,3880.25,3880.25,3880.25,3995,3879.15
269,13,3880.03,3880.03,3880.03,3880.03,0,3880.67
269,14,3876.50,3876.50,3876.50,3876.50,3993,3882.20
269,14,3869.41,3871.41,3869.41,3871.41,87,3883.72
269,14,3873.21,3873.21,3873.21,3873.21,2,3885.25
269,14,3865.78,3865.78,3865.78,3865.78,0,3886.78
269,14,3870.48,3870.48,3870.48,3870.48,12,3888.30
269,14,3871.68,3871.68,3871.68,3871.68,7374,3889.83
269,14,3874.73,3874.73,3874.73,3874.73,0,3891.35
269,15,3874.91,3874.91,3874.91,3874.91,4003,3892.88
269,15,3874.88,3874.88,3874.88,3874.88,12,3894.41
269,15,3877.00,3877.25,3877.00,3877.25,364,3895.93
269,15,3875.00,3876.88,3875.00,3876.88,0,3897.46
272,7,3912.52,3912.52,3912.52,3912.52,0,3898.98
272,7,3906.75,3908.66,3906.75,3908.66,265,3900.51
272,7,3910.50,3910.50,3910.50,3910.50,10,3902.04
272,7,3906.50,3912.75,3906.50,3912.75,3727,3903.56
272,7,3912.75,3912.75,3911.25,3911.25,1,3905.09
272,7,3904.16,3904.16,3904.16,3904.16,4,3906.61
272,7,3904.70,3905.50,3904.70,3905.50,1956,3906.76
272,7,3906.95,3906.95,3906.95,3906.95,36,3906.91
272,7,3904.00,3904.00,3904.00,3904.00,13,3907.06
272,7,3906.50,3906.50,3906.50,3906.50,0,3907.20
272,7,3907.25,3907.25,3907.25,3907.25,4,3907.35
272,7,3908.25,3908.25,3908.25,3908.25,2,3907.50
272,7,3910.40,3910.40,3910.40,3910.40,134,3907.64
272,7,3908.00,3908.00,3908.00,3908.00,1,3907.79
272,7,3907.97,3907.97,3907.97,3907.97,28,3907.94
272,7,3909.56,3909.56,3909.56,3909.56,51,3908.08
272,7,3907.76,3907.76,3907.76,3907.76,52,3908.23
272,8,3907.50,3907.50,3907.50,3907.50,51,3908.38
272,8,3908.01,3908.01,3908.01,3908.01,2579,3908.53
272,8,3909.00,3909.00,3909.00,3909.00,0,3908.67
272,8,3913.49,3913.49,3913.49,3913.49,37,3908.82
272,8,3911.39,3911.39,3911.39,3911.39,110,3908.97
272,8,3912.75,3912.75,3912.75,3912.75,241,3909.11
272,8,3913.75,3913.75,3913.75,3913.75,1,3909.26
272,10,3909.52,3909.52,3909.52,3909.52,3068,3909.41
272,10,3909.56,3909.56,3909.56,3909.56,0,3909.55
272,10,3908.75,3908.75,3908.75,3908.75,769,3910.08
272,11,3910.50,3910.50,3910.50,3910.50,0,3910.60
272,11,3910.00,3910.00,3910.00,3910.00,1,3911.12
272,11,3909.09,3909.09,3909.09,3909.09,0,3911.64
272,11,3908.41,3908.41,3908.41,3908.41,1150,3912.16
272,11,3907.36,3907.36,3907.36,3907.36,0,3912.68
272,11,3908.16,3908.16,3908.16,3908.16,1353,3913.21
272,11,3907.70,3907.70,3907.70,3907.70,0,3913.73
272,12,3908.55,3908.55,3908.55,3908.55,1256,3914.25
272,12,3911.25,3911.25,3911.25,3911.25,0,3914.77
272,12,3911.50,3911.50,3911.50,3911.50,750,3915.29
272,13,3913.00,3913.00,3913.00,3913.00,547,3915.82
272,13,3913.00,3914.29,3913.00,3914.29,2547,3916.34
272,13,3916.00,3916.00,3916.00,3916.00,1218,3916.86
272,13,3921.75,3921.75,3921.50,3921.50,2,3917.38
272,13,3919.75,3919.75,3919.75,3919.75,0,3917.90
272,13,3922.50,3922.50,3922.50,3922.50,7,3918.42
272,13,3922.25,3922.25,3919.95,3919.95,169,3918.95
272,13,3920.39,3920.39,3919.02,3919.02,95,3919.47
272,14,3921.15,3921.15,3919.62,3919.62,65,3919.99
272,14,3921.72,3921.72,3921.72,3921.72,1232,3919.81
272,14,3919.27,3919.27,3919.27,3919.27,0,3919.63
272,14,3920.66,3920.66,3920.66,3920.66,13,3919.44
272,15,3925.93,3925.93,3925.93,3925.93,3512,3919.26
272,15,3925.22,3925.22,3925.22,3925.22,250,3919.08
272,15,3919.00,3920.12,3919.00,3920.12,0,3918.90
273,7,3916.25,3916.25,3916.25,3916.25,0,3918.72
273,7,3916.25,3916.25,3916.25,3916.25,2,3918.54
273,7,3914.50,3914.50,3914.50,3914.50,13,3918.36
273,7,3912.75,3914.00,3912.75,3913.05,106,3918.17
273,7,3916.00,3916.25,3916.00,3916.25,33,3917.99
273,7,3916.25,3916.25,3916.25,3916.25,227,3917.81
273,8,3916.75,3916.75,3916.75,3916.75,34,3917.63
273,8,3910.00,3911.25,3910.00,3911.25,10,3917.45
273,8,3914.75,3914.75,3914.75,3914.75,0,3917.27
273,8,3917.00,3917.00,3917.00,3917.00,986,3917.09
273,8,3917.00,3917.00,3917.00,3917.00,350,3916.90
273,8,3916.75,3916.75,3916.75,3916.75,0,3916.72
273,9,3917.50,3917.50,3917.50,3917.50,80,3916.54
273,9,3915.99,3915.99,3915.99,3915.99,550,3916.36
273,9,3915.75,3915.75,3915.75,3915.75,0,3916.91
273,9,3917.00,3917.00,3917.00,3917.00,76,3917.45
273,9,3916.02,3916.02,3916.02,3916.02,2,3918.00
273,9,3916.25,3916.25,3916.00,3916.00,3455,3918.55
273,9,3916.38,3916.38,3916.38,3916.38,0,3919.10
273,10,3918.00,3918.00,3918.00,3918.00,1116,3919.64
273,10,3919.50,3919.50,3919.50,3919.50,364,3920.19
273,10,3920.01,3920.01,3920.01,3920.01,510,3920.74
273,11,3919.73,3919.73,3919.73,3919.73,47,3921.29
273,11,3922.00,3922.00,3922.00,3922.00,0,3921.83
273,11,3922.74,3922.74,3922.74,3922.74,50,3922.38
273,11,3921.25,3921.25,3921.25,3921.25,361,3922.93
273,11,3922.75,3922.75,3922.75,3922.75,1,3923.48
273,12,3920.75,3920.75,3920.75,3920.75,0,3924.02
273,12,3920.59,3920.59,3920.59,3920.59,356,3924.57
273,12,3920.34,3920.34,3920.34,3920.34,95,3925.12
273,12,3921.66,3921.66,3921.66,3921.66,359,3925.66
273,13,3924.50,3924.50,3924.50,3924.50,0,3926.21
273,13,3928.41,3928.41,3928.41,3928.41,50,3926.76
273,13,3927.25,3927.25,3927.25,3927.25,748,3927.31
273,13,3927.25,3927.25,3927.25,3927.25,0,3926.83
273,13,3924.25,3924.25,3924.25,3924.25,357,3926.35
273,13,3929.50,3929.50,3929.50,3929.50,0,3925.87
273,13,3925.31,3925.31,3925.31,3925.31,98,3925.39
273,14,3926.73,3926.73,3926.73,3926.73,76,3924.91
273,14,3923.00,3923.00,3923.00,3923.00,3650,3924.43
273,14,3924.50,3924.50,3924.50,3924.50,1,3923.95
273,14,3920.98,3920.98,3920.98,3920.98,1,3923.48
273,14,3924.09,3924.09,3924.09,3924.09,127,3923.00
273,14,3922.00,3922.00,3922.00,3922.00,737,3922.52
273,14,3922.00,3922.00,3922.00,3922.00,1440,3922.04
273,14,3922.00,3922.00,3922.00,3922.00,1740,3921.56
273,14,3922.00,3922.00,3922.00,3922.00,2384,3921.08
273,14,3919.12,3919.12,3919.12,3919.12,381,3920.60
273,15,3919.25,3919.25,3916.12,3916.12,0,3920.12
274,7,3917.50,3917.50,3909.60,3909.60,602,3919.64
274,7,3918.75,3918.75,3909.11,3909.11,7,3919.17
274,7,3918.75,3918.75,3909.50,3918.50,8,3918.69
274,7,3920.75,3920.75,3918.75,3918.75,3,3918.21
274,7,3917.50,3917.50,3917.25,3917.25,1,3917.73
274,7,3917.25,3917.25,3917.25,3917.25,1,3918.27
274,7,3919.50,3919.50,3919.50,3919.50,0,3918.81
274,7,3919.25,3919.25,3919.25,3919.25,1,3919.35
274,7,3918.75,3918.75,3918.75,3918.75,1,3919.89
274,7,3919.75,3919.75,3919.75,3919.75,0,3920.43
274,7,3919.25,3919.25,3919.25,3919.25,1,3920.97
274,7,3920.00,3920.00,3920.00,3920.00,2,3921.51
274,8,3918.84,3918.84,3918.84,3918.84,9,3922.05
274,8,3917.50,3917.50,3917.50,3917.50,14,3922.59
274,8,3920.00,3920.00,3919.75,3919.75,0,3923.13
274,8,3918.20,3918.99,3918.20,3918.99,12,3923.68
274,8,3918.28,3918.28,3918.28,3918.28,1,3924.22
274,8,3920.00,3920.00,3920.00,3920.00,690,3924.76
274,8,3922.02,3922.02,3922.02,3922.02,644,3925.30
274,8,3923.00,3923.00,3923.00,3923.00,1,3925.84
274,9,3923.70,3923.70,3923.70,3923.70,254,3926.38
274,9,3925.75,3925.75,3925.75,3925.75,0,3926.92
274,9,3924.38,3924.38,3924.38,3924.38,3,3927.46
274,10,3930.00,3930.00,3930.00,3930.00,7,3928.00
274,10,3928.77,3928.77,3928.77,3928.77,134,3928.54
274,10,3928.75,3928.75,3927.98,3927.98,56,3928.58
274,10,3924.25,3924.25,3924.25,3924.25,3,3928.61
274,11,3930.75,3931.00,3930.75,3931.00,9,3928.65
274,11,3929.00,3929.00,3929.00,3929.00,91,3928.69
274,11,3929.50,3929.50,3929.50,3929.50,10,3928.73
274,11,3929.25,3929.25,3929.25,3929.25,3,3928.76
274,12,3931.02,3932.25,3931.02,3932.25,818,3928.80
274,12,3932.00,3932.00,3931.75,3931.75,10,3928.84
274,12,3932.00,3932.00,3932.00,3932.00,10,3928.88
274,12,3931.50,3931.50,3931.50,3931.50,0,3928.91
274,12,3931.25,3931.25,3931.25,3931.25,1,3928.95
274,12,3931.00,3931.75,3927.75,3931.25,20,3928.99
274,12,3931.25,3931.25,3931.25,3931.25,10,3929.02
274,12,3937.00,3937.00,3937.00,3937.00,0,3929.06
274,12,3927.50,3927.50,3927.50,3927.50,0,3929.10
274,12,3925.25,3925.25,3925.25,3925.25,0,3929.14
274,13,3923.50,3923.50,3923.50,3923.50,11,3929.17
274,13,3923.50,3923.50,3923.50,3923.50,0,3929.21
274,13,3926.00,3926.00,3926.00,3926.00,9989,3929.25
274,13,3931.00,3931.00,3931.00,3931.00,233,3929.28
274,13,3929.75,3929.75,3929.75,3929.75,1,3931.42
274,14,3932.66,3932.66,3932.66,3932.66,0,3933.56
274,14,3937.05,3937.05,3937.05,3937.05,253,3935.70
274,14,3932.48,3932.48,3932.48,3932.48,13,3937.84
274,15,3931.50,3933.48,3931.50,3933.48,17,3939.98
274,15,3935.98,3935.98,3935.98,3935.98,15,3942.12
275,7,3973.25,3976.71,3973.25,3976.71,0,3944.25
275,7,3973.25,3978.50,3973.25,3978.50,0,3946.39
275,7,3978.50,3978.50,3978.50,3978.50,4,3948.53
275,7,3977.50,3977.50,3977.50,3977.50,1,3950.67
275,7,3976.50,3976.50,3976.50,3976.50,0,3952.81
275,7,3975.35,3976.00,3975.35,3976.00,2714,3954.95
275,7,3975.60,3976.25,3974.75,3974.75,7853,3957.09
275,7,3974.25,3974.75,3974.25,3974.75,0,3959.23
275,7,3976.00,3976.75,3976.00,3976.75,0,3961.36
275,7,3973.20,3973.20,3973.20,3973.20,7325,3963.50
275,7,3974.00,3974.00,3974.00,3974.00,0,3965.64
275,8,3972.23,3972.23,3972.23,3972.23,396,3967.78
275,8,3975.50,3975.50,3975.50,3975.50,0,3969.92
275,9,3971.20,3971.20,3971.20,3971.20,0,3972.06
275,9,3970.00,3970.00,3970.00,3970.00,0,3972.29
275,9,3973.03,3973.03,3973.03,3973.03,7723,3972.53
275,10,3973.50,3973.50,3973.50,3973.50,607,3972.76
275,10,3978.75,3978.75,3978.75,3978.75,126,3973.00
275,11,3985.75,3985.75,3985.75,3985.75,0,3973.24
275,11,3986.50,3986.50,3986.50,3986.50,0,3973.47
275,12,3986.25,3988.50,3986.25,3988.50,0,3973.71
275,12,3985.10,3985.10,3985.10,3985.10,8447,3973.94
275,13,3988.50,3988.50,3988.50,3988.50,2,3974.18
275,13,3989.75,3989.75,3989.75,3989.75,59,3974.41
275,13,3988.00,3988.00,3988.00,3988.00,82,3974.65
275,13,3990.00,3990.00,3990.00,3990.00,0,3974.88
275,14,3988.52,3988.52,3988.52,3988.52,27,3975.12
275,14,3989.98,3989.98,3989.98,3989.98,8,3975.36
275,14,3990.22,3990.22,3990.22,3990.22,3,3975.59
275,14,3986.34,3986.34,3986.34,3986.34,16,3975.83
275,14,3981.25,3981.25,3981.25,3981.25,17,3976.06
275,15,3970.75,3970.75,3970.75,3970.75,50,3976.30
275,15,3973.18,3973.18,3973.18,3973.18,899,3976.53
275,15,3976.30,3976.30,3976.30,3976.30,50,3976.77
275,15,3979.75,3979.75,3979.75,3979.75,130,3977.72
276,7,3989.00,3991.28,3989.00,3991.28,0,3978.66
276,7,3993.75,3993.75,3992.75,3992.75,3,3979.61
276,7,3993.75,3993.75,3993.75,3993.75,4,3980.55
276,7,3991.75,3991.75,3991.75,3991.75,631,3981.50
276,7,3989.25,3989.25,3989.25,3989.25,0,3982.44
276,7,3989.50,3990.25,3989.00,3989.00,3194,3983.39
276,7,3989.00,3989.00,3988.25,3988.25,311,3984.33
276,7,3992.75,3992.75,3992.75,3992.75,0,3985.28
276,7,3989.75,3989.75,3989.75,3989.75,2,3986.22
276,8,3990.20,3990.20,3990.20,3990.20,21,3987.17
276,8,3991.97,3991.97,3991.97,3991.97,25,3988.11
276,8,3988.84,3988.84,3988.84,3988.84,0,3989.06
276,8,3991.62,3991.62,3991.62,3991.62,125,3990.00
276,9,3991.97,3991.97,3991.97,3991.97,823,3990.95
276,9,3994.47,3994.47,3994.47,3994.47,0,3991.90
276,9,3992.76,3992.76,3992.76,3992.76,176,3992.84
276,9,3992.80,3994.50,3992.80,3994.50,0,3993.79
276,9,3995.31,3995.31,3995.31,3995.31,94,3994.73
276,10,3997.00,3997.00,3997.00,3997.00,33,3995.68
276,10,3993.75,3993.75,3993.75,3993.75,306,3995.19
276,10,3996.12,3996.12,3996.12,3996.12,32,3994.70
276,11,3991.66,3992.00,3991.66,3992.00,10,3994.21
276,11,3993.98,3993.98,3993.98,3993.98,158,3993.72
276,11,3992.62,3992.62,3992.62,3992.62,510,3993.24
276,11,3993.50,3993.50,3993.50,3993.50,100,3992.75
276,12,3991.00,3991.00,3991.00,3991.00,0,3992.26
276,13,3987.00,3987.00,3987.00,3987.00,0,3991.77
276,13,3985.50,3985.50,3985.50,3985.50,0,3991.28
276,13,3987.99,3987.99,3987.99,3987.99,5683,3990.80
276,13,3988.25,3988.25,3988.25,3988.25,1228,3990.31
276,13,3987.75,3987.75,3987.57,3987.57,1430,3989.82
276,13,3988.50,3988.50,3988.50,3988.50,65,3989.33
276,13,3991.75,3991.75,3991.50,3991.50,0,3988.84
276,13,3989.97,3989.97,3989.97,3989.97,124,3988.36
276,13,3984.50,3984.50,3984.50,3984.50,0,3987.87
276,14,3985.75,3985.75,3985.75,3985.75,0,3987.38
276,14,3984.73,3984.73,3984.73,3984.73,8428,3986.89
276,14,3984.77,3984.77,3984.77,3984.77,0,3986.40
276,14,3986.47,3986.47,3986.47,3986.47,7,3985.92
276,14,3986.75,3986.75,3986.75,3986.75,1017,3985.72
276,14,3982.75,3982.75,3982.75,3982.75,0,3985.52
276,14,3982.00,3982.00,3982.00,3982.00,0,3985.32
276,14,3985.25,3985.25,3985.25,3985.25,0,3985.12
276,15,3985.22,3985.22,3984.12,3984.12,1036,3984.92
279,7,3987.00,3987.25,3983.30,3987.00,0,3984.72
279,7,3987.00,3987.00,3983.25,3983.25,1,3984.52
279,7,3983.48,3983.48,3983.48,3983.48,6,3984.32
279,7,3987.00,3987.25,3983.25,3987.25,13,3984.12
279,7,3986.00,3986.00,3986.00,3986.00,0,3983.92
279,7,3983.25,3983.50,3983.25,3983.25,1944,3983.73
279,7,3983.74,3983.74,3983.74,3983.74,154,3983.53
279,7,3985.24,3985.24,3985.24,3985.24,400,3983.33
279,7,3985.48,3985.48,3985.48,3985.48,0,3983.13
279,7,3982.75,3986.50,3982.75,3985.75,2323,3982.93
279,7,3984.75,3984.75,3984.25,3984.25,0,3982.73
279,7,3983.75,3983.75,3983.25,3983.25,2335,3982.53
279,7,3984.00,3985.75,3984.00,3984.00,2947,3982.33
279,7,3982.75,3982.75,3982.75,3982.75,0,3982.13
279,7,3982.25,3982.25,3981.00,3981.50,4067,3981.93
279,7,3981.25,3981.25,3981.25,3981.25,134,3982.58
279,7,3984.00,3984.00,3984.00,3984.00,10,3983.23
279,7,3983.25,3983.25,3983.25,3983.25,20,3983.88
279,8,3983.50,3983.50,3981.77,3981.77,16,3984.53
279,8,3990.50,3990.50,3990.50,3990.50,0,3985.18
279,8,3988.22,3988.22,3988.22,3988.22,37,3985.83
279,9,3990.50,3990.50,3990.50,3990.50,57,3986.49
279,9,3990.25,3990.25,3990.00,3990.00,26,3987.14
279,9,3989.00,3990.75,3989.00,3990.75,373,3987.79
279,9,3990.96,3990.96,3990.96,3990.96,294,3988.44
279,9,3993.98,3993.98,3993.75,3993.75,124,3989.09
279,9,3992.25,3992.25,3992.25,3992.25,0,3989.74
279,10,3991.73,3991.73,3991.73,3991.73,55,3990.39
279,10,3991.25,3991.25,3991.25,3991.25,0,3991.04
279,10,3988.62,3988.62,3988.62,3988.62,7848,3991.69
279,11,3994.50,3994.50,3994.50,3994.50,1800,3992.34
279,11,3996.25,3996.25,3996.25,3996.25,52,3992.99
279,11,3995.75,3995.75,3995.75,3995.75,13,3993.64
279,11,3996.00,3996.00,3996.00,3996.00,0,3994.29
279,11,3993.91,3993.91,3993.91,3993.91,9743,3994.94
279,11,3995.50,3995.50,3995.50,3995.50,0,3995.18
279,12,3995.79,3995.79,3995.79,3995.79,600,3995.42
279,12,3996.49,3996.49,3996.49,3996.49,0,3995.66
279,12,3996.05,3996.50,3996.05,3996.50,245,3995.90
279,12,3994.00,3994.00,3994.00,3994.00,9600,3996.14
279,12,3994.25,3994.25,3994.25,3994.25,0,3996.38
279,12,3995.25,3995.25,3995.25,3995.25,20,3996.62
279,12,3993.03,3993.03,3993.03,3993.03,118,3996.86
279,12,3993.32,3993.32,3993.32,3993.32,0,3997.10
279,13,3996.50,3996.50,3996.50,3996.50,2,3997.34
279,13,3995.84,3995.84,3995.84,3995.84,249,3997.58
279,13,3998.25,3998.25,3998.25,3998.25,0,3997.82
279,13,3996.74,3996.74,3996.74,3996.74,36,3998.06
279,13,4000.00,4000.00,4000.00,4000.00,587,3998.30
279,13,4002.00,4002.00,4002.00,4002.00,40,3998.54
279,13,4006.50,4006.50,4006.50,4006.50,10,3998.78
279,13,4003.25,4003.25,4003.25,4003.25,890,3999.02
279,13,4002.50,4002.50,4002.50,4002.50,11,3999.26
279,14,4001.25,4001.25,4001.25,4001.25,8,3999.50
279,14,3999.75,4000.00,3999.75,4000.00,0,3999.73
279,14,3998.57,3998.57,3997.50,3997.50,92,4000.45
279,14,3998.25,3998.25,3998.25,3998.25,41,4001.16
279,14,3998.98,4000.00,3998.98,4000.00,23,4001.87
279,14,3998.00,3998.00,3996.25,3996.28,2,4002.58
279,14,3999.12,3999.12,3999.12,3999.12,62,4003.29
279,14,3998.72,3998.72,3998.72,3998.72,72,4004.00
279,14,3998.00,3998.00,3994.50,3995.50,493,4004.71
279,15,3999.50,3999.50,3999.50,3999.50,0,4005.42
279,15,4000.50,4000.50,3997.50,3997.50,17932,4006.13
279,15,3999.00,3999.25,3999.00,3999.25,10,4006.84
279,15,3999.25,3999.25,3998.00,3998.00,194,4007.55
279,15,3998.00,3998.00,3998.00,3998.00,93,4008.26
279,15,3998.75,3998.75,3998.38,3998.38,0,4008.97
280,7,4011.25,4011.25,4011.25,4011.25,0,4009.69
280,7,4012.50,4012.50,4008.50,4012.50,4,4010.40
280,7,4012.50,4012.50,4012.50,4012.50,0,4011.11
280,7,4012.25,4012.96,4011.00,4012.96,308,4011.82
280,7,4014.75,4014.75,4014.75,4014.75,0,4012.53
280,7,4015.75,4015.75,4015.75,4015.75,310,4013.24
280,7,4015.75,4015.75,4015.25,4015.25,0,4013.95
280,7,4009.88,4009.88,4009.88,4009.88,320,4014.22
280,8,4012.50,4012.50,4012.50,4012.50,115,4014.50
280,8,4010.50,4010.50,4010.50,4010.50,0,4014.77
280,8,4012.25,4012.50,4012.25,4012.50,15,4015.04
280,8,4015.75,4015.75,4015.75,4015.75,0,4015.32
280,8,4013.17,4014.03,4012.75,4014.03,662,4015.59
280,8,4013.45,4013.45,4013.45,4013.45,198,4015.86
280,8,4013.34,4013.34,4013.34,4013.34,0,4016.14
280,8,4016.25,4016.25,4016.25,4016.25,0,4016.41
280,8,4016.00,4016.00,4016.00,4016.00,1243,4016.68
280,9,4015.51,4015.51,4015.51,4015.51,1017,4016.96
280,9,4016.25,4016.25,4016.25,4016.25,0,4017.23
280,9,4014.71,4014.71,4014.71,4014.71,2390,4017.50
280,9,4015.73,4015.73,4015.73,4015.73,1312,4017.78
280,10,4014.58,4014.58,4014.58,4014.58,3284,4018.05
280,10,4015.09,4015.09,4015.09,4015.09,0,4018.32
280,10,4016.20,4016.20,4016.20,4016.20,140,4018.60
280,10,4017.00,4017.00,4017.00,4017.00,24,4018.87
280,10,4015.91,4015.91,4015.91,4015.91,118,4019.14
280,10,4021.75,4021.75,4018.91,4018.91,255,4019.41
280,11,4023.85,4023.85,4023.85,4023.85,0,4019.36
280,11,4021.84,4021.84,4021.84,4021.84,223,4019.31
280,11,4022.03,4022.03,4022.03,4022.03,206,4019.26
280,11,4028.25,4028.25,4028.25,4028.25,0,4019.21
280,11,4027.55,4027.55,4027.55,4027.55,18,4019.16
280,11,4027.80,4027.80,4027.80,4027.80,642,4019.11
280,11,4033.75,4033.75,4033.75,4033.75,988,4019.06
280,12,4032.25,4032.25,4032.25,4032.25,348,4019.01
280,12,4031.85,4031.85,4031.85,4031.85,322,4018.96
280,12,4031.24,4031.24,4031.24,4031.24,0,4018.91
280,12,4030.50,4030.50,4030.50,4030.50,0,4018.86
280,12,4029.85,4029.85,4029.85,4029.85,1488,4018.81
280,12,4029.53,4029.53,4029.00,4029.00,11,4018.76
280,13,4031.00,4031.00,4031.00,4031.00,498,4018.71
280,13,4030.62,4030.62,4030.62,4030.62,2,4018.65
280,13,4029.00,4029.00,4029.00,4029.00,2499,4018.60
280,13,4027.66,4027.66,4027.66,4027.66,34,4018.55
280,13,4021.00,4021.00,4021.00,4021.00,602,4018.50
280,13,4021.00,4021.00,4021.00,4021.00,1898,4018.45
280,13,4018.00,4018.00,4018.00,4018.00,2,4018.40
280,14,4017.00,4017.00,4017.00,4017.00,0,4016.62
280,14,4012.75,4012.75,4012.75,4012.75,50,4014.85
280,14,4012.66,4012.66,4012.66,4012.66,9,4013.07
280,14,4014.75,4014.75,4014.75,4014.75,3,4011.29
280,14,4013.47,4013.47,4013.47,4013.47,3,4009.51
280,14,4013.25,4013.25,4013.25,4013.25,0,4007.74
280,14,4007.52,4007.52,4007.52,4007.52,15094,4005.96
280,14,4008.25,4008.25,4008.25,4008.25,2,4004.18
280,14,4008.00,4008.00,4008.00,4008.00,0,4002.41
280,14,4006.75,4006.75,4006.75,4006.75,15098,4000.63
280,15,4005.00,4005.00,4005.00,4005.00,1,3998.85
280,15,3998.89,3998.89,3998.89,3998.89,1651,3997.07
280,15,3999.00,4000.14,3998.75,3998.75,329,3995.30
280,15,4000.73,4000.73,4000.73,4000.73,74,3993.52
280,15,3998.50,3998.50,3995.51,3995.51,17,3991.74
280,15,3995.50,3995.50,3995.50,3995.50,628,3989.96
281,7,3978.00,3982.75,3978.00,3978.00,0,3988.19
281,7,3982.75,3982.75,3978.75,3982.75,0,3986.41
281,7,3982.75,3982.75,3982.75,3982.75,38,3984.63
281,7,3982.49,3982.49,3982.49,3982.49,87,3982.85
281,7,3983.00,3983.50,3982.75,3983.50,0,3983.27
281,7,3984.50,3984.50,3984.00,3984.00,129,3983.70
281,7,3984.25,3984.25,3984.25,3984.25,0,3984.12
281,8,3988.98,3988.98,3988.98,3988.98,133,3984.54
281,8,3989.75,3989.75,3989.75,3989.75,0,3984.96
281,8,3988.16,3988.16,3988.16,3988.16,74,3985.38
281,8,3992.25,3992.25,3992.25,3992.25,995,3985.80
281,8,3993.00,3993.00,3993.00,3993.00,4,3986.22
281,8,3991.25,3991.25,3991.25,3991.25,46,3986.64
281,8,3991.50,3991.50,3991.50,3991.50,0,3987.06
281,9,3988.78,3988.78,3988.78,3988.78,9999,3987.48
281,9,3987.50,3987.50,3987.25,3987.25,0,3987.90
281,9,3989.98,3989.98,3989.98,3989.98,16,3988.32
281,10,3990.45,3990.45,3990.45,3990.45,124,3988.74
281,10,3988.32,3988.32,3988.32,3988.32,94,3989.16
281,10,3987.25,3987.25,3987.25,3987.25,452,3989.58
281,11,3989.50,3989.50,3986.75,3986.75,10526,3990.00
281,11,3990.63,3990.63,3990.63,3990.63,542,3990.42
281,11,3991.41,3991.41,3991.41,3991.41,0,3990.84
281,12,3992.00,3992.00,3991.75,3991.75,8,3991.26
281,12,3990.48,3990.48,3990.48,3990.48,7300,3993.43
281,12,3990.24,3990.24,3990.24,3990.24,0,3995.61
281,13,3989.97,3989.97,3989.97,3989.97,0,3997.78
281,13,3990.58,3990.58,3990.58,3990.58,614,3999.96
281,13,3991.25,3991.25,3991.25,3991.25,0,4002.13
281,13,3991.49,3991.49,3990.00,3990.00,6374,4004.31
281,13,3993.50,3994.28,3993.50,3994.28,200,4006.48
281,13,3992.47,3992.47,3992.47,3992.47,79,4008.66
281,13,3995.50,3995.50,3995.50,3995.50,0,4010.83
281,14,3998.25,3998.25,3998.25,3998.25,0,4013.01
281,14,3994.00,3994.00,3994.00,3994.00,0,4015.18
281,14,3997.72,3997.72,3997.72,3997.72,28185,4017.36
281,14,3998.31,3998.31,3998.31,3998.31,498,4019.54
281,14,4000.25,4000.25,4000.25,4000.25,0,4021.71
281,14,4003.75,4003.75,4003.75,4003.75,0,4023.89
281,15,4006.47,4006.47,4006.47,4006.47,199,4026.06
281,15,4011.50,4011.50,4011.50,4011.50,5000,4028.24
282,7,4029.00,4030.91,4029.00,4030.82,0,4030.41
282,7,4032.75,4033.50,4025.50,4032.75,29,4032.59
282,7,4035.25,4035.25,4035.25,4035.25,0,4034.76
282,7,4035.50,4036.50,4035.50,4036.50,773,4034.65
282,7,4035.25,4035.75,4035.25,4035.75,0,4034.53
282,7,4035.75,4035.75,4035.75,4035.75,775,4034.41
282,7,4038.00,4038.00,4038.00,4038.00,0,4034.29
282,7,4035.25,4035.25,4035.25,4035.25,776,4034.17
282,8,4034.20,4034.20,4034.20,4034.20,1,4034.06
282,8,4037.25,4037.25,4037.25,4037.25,2,4033.94
282,8,4035.03,4035.03,4035.03,4035.03,199,4033.82
282,8,4032.00,4032.00,4032.00,4032.00,94,4033.70
282,9,4031.75,4031.75,4031.75,4031.75,120,4033.58
282,9,4029.59,4029.59,4029.59,4029.59,0,4033.47
282,9,4029.62,4029.62,4029.62,4029.62,240,4033.35
282,9,4029.50,4029.50,4029.50,4029.50,75,4033.23
282,9,4029.50,4029.50,4029.50,4029.50,1,4033.11
282,9,4030.20,4030.20,4030.20,4030.20,10,4032.99
282,10,4030.72,4030.72,4030.72,4030.72,1,4032.88
282,10,4029.68,4029.68,4029.68,4029.68,48,4032.76
282,10,4030.26,4030.26,4030.26,4030.26,377,4032.64
282,10,4029.52,4029.52,4029.52,4029.52,1400,4032.52
282,11,4033.50,4033.50,4033.50,4033.50,0,4032.40
282,11,4033.50,4033.50,4033.50,4033.50,2,4031.47
282,11,4032.97,4032.97,4032.97,4032.97,246,4030.53
282,12,4034.75,4034.75,4034.75,4034.75,2,4029.59
282,12,4034.50,4034.50,4034.50,4034.50,0,4028.66
282,12,4031.26,4031.26,4031.26,4031.26,277,4027.72
282,13,4030.50,4030.50,4030.50,4030.50,50,4026.78
282,13,4022.47,4022.47,4022.47,4022.47,67,4025.84
282,13,4019.49,4019.49,4019.49,4019.49,350,4024.91
282,13,4011.50,4011.50,4011.50,4011.50,0,4023.97
282,14,4016.40,4016.40,4016.40,4016.40,52,4023.03
282,14,4018.22,4018.22,4018.22,4018.22,9,4022.10
282,14,4017.00,4017.00,4017.00,4017.00,147,4021.16
282,14,4013.75,4013.75,4013.75,4013.75,500,4020.22
282,14,4012.75,4012.75,4012.75,4012.75,2,4019.29
282,15,4014.69,4014.69,4014.69,4014.69,250,4018.35
282,15,4018.50,4018.50,4018.50,4018.50,0,4017.41
282,15,4019.00,4019.00,4019.00,4019.00,229,4016.47
283,7,4015.00,4015.00,4011.00,4015.00,0,4015.54
283,7,4015.00,4015.00,4015.00,4015.00,1,4014.60
283,7,4013.00,4013.00,4013.00,4013.00,0,4013.66
283,7,4013.50,4013.50,4013.50,4013.50,0,4013.09
283,7,4012.50,4012.50,4012.50,4012.50,0,4012.51
283,7,4012.75,4012.75,4012.75,4012.75,0,4011.94
283,7,4009.88,4009.88,4009.88,4009.88,3402,4011.36
283,7,4009.66,4009.66,4009.66,4009.66,100,4010.79
283,8,4011.50,4011.50,4011.50,4011.50,506,4010.21
283,8,4012.32,4012.32,4012.32,4012.32,464,4009.64
283,8,4010.36,4010.36,4010.36,4010.36,35,4009.06
283,8,4013.25,4013.25,4013.25,4013.25,0,4008.49
283,8,4012.75,4012.75,4012.75,4012.75,4533,4007.91
283,8,4010.84,4010.84,4008.50,4008.50,12,4007.34
283,8,4010.00,4010.00,4010.00,4010.00,2,4006.76
283,9,4008.50,4008.50,4008.50,4008.50,50,4006.19
283,9,4007.00,4007.00,4007.00,4007.00,4389,4005.61
283,9,4006.50,4006.50,4006.00,4006.25,5278,4005.04
283,9,4007.25,4007.25,4007.25,4007.25,989,4004.46
283,9,4005.00,4005.41,4005.00,4005.41,1164,4003.89
283,9,4007.25,4007.25,4007.25,4007.25,0,4003.31
283,9,4004.97,4004.97,4004.97,4004.97,16420,4002.74
283,10,3999.25,3999.25,3999.25,3999.25,1597,4002.16
283,10,4003.25,4003.25,4003.25,4003.25,0,4002.99
283,10,4006.66,4006.66,4006.24,4006.24,18145,4003.82
283,10,4007.38,4007.38,4007.38,4007.38,144,4004.66
283,11,4017.25,4017.25,4017.25,4017.25,0,4005.49
283,11,4014.00,4014.00,4014.00,4014.00,0,4006.32
283,11,4016.88,4016.88,4016.88,4016.88,55,4007.15
283,12,4017.75,4017.75,4017.75,4017.75,0,4007.99
283,12,4021.00,4021.00,4021.00,4021.00,2,4008.82
283,12,4021.00,4021.00,4021.00,4021.00,0,4009.65
283,12,4020.75,4020.75,4020.75,4020.75,0,4010.48
283,12,4020.00,4020.00,4020.00,4020.00,0,4011.32
283,13,4022.00,4022.00,4022.00,4022.00,0,4012.15
283,13,4021.21,4021.21,4021.21,4021.21,19137,4012.98
283,13,4022.50,4022.50,4022.50,4022.50,198,4013.81
283,13,4021.25,4021.25,4021.25,4021.25,2,4014.64
283,13,4023.50,4023.50,4023.50,4023.50,0,4015.48
283,13,4020.10,4020.10,4020.10,4020.10,1750,4016.31
283,13,4019.83,4019.83,4019.83,4019.83,1848,4017.14
283,14,4019.00,4019.00,4019.00,4019.00,0,4017.97
283,14,4020.07,4020.07,4020.07,4020.07,29,4018.81
283,14,4021.45,4021.45,4017.04,4017.04,11,4015.54
283,14,4013.00,4013.00,4013.00,4013.00,0,4012.27
283,14,4013.25,4013.25,4013.25,4013.25,500,4009.00
283,14,4000.00,4001.25,4000.00,4001.25,536,4005.73
283,15,3969.50,3972.50,3966.75,3972.00,11126,4002.46
283,15,3953.25,3953.25,3953.25,3953.25,0,3999.20
283,15,3923.75,3923.75,3923.75,3923.75,4,3995.93
283,15,3918.50,3919.00,3917.45,3919.00,1163,3992.66
283,15,3911.44,3911.44,3911.44,3911.44,51,3989.39
286,7,3945.00,3951.00,3945.00,3945.00,2,3986.12
286,7,3945.44,3945.44,3945.44,3945.44,1004,3982.85
286,7,3945.26,3951.75,3945.26,3951.75,0,3979.59
286,7,3951.25,3951.25,3946.89,3950.75,1012,3976.32
286,7,3949.62,3949.62,3948.34,3948.34,114,3973.05
286,7,3948.25,3948.25,3948.25,3948.25,50,3969.78
286,7,3949.65,3949.65,3949.65,3949.65,509,3966.51
286,7,3951.75,3951.75,3951.75,3951.75,50,3963.24
286,7,3951.70,3951.70,3948.50,3948.50,1808,3959.98
286,7,3951.48,3951.48,3951.48,3951.48,2,3956.71
286,7,3952.72,3952.75,3952.72,3952.75,1497,3953.44
286,7,3957.50,3957.50,3957.50,3957.50,1339,3953.85
286,7,3953.25,3953.25,3953.25,3953.25,0,3954.27
286,7,3958.50,3958.72,3953.00,3953.00,7380,3954.69
286,7,3957.25,3959.00,3957.25,3959.00,15438,3955.10
286,7,3960.76,3960.76,3955.50,3955.50,2156,3955.52
286,7,3947.00,3947.00,3947.00,3947.00,0,3955.93
286,7,3958.25,3958.25,3945.50,3945.50,25031,3956.35
286,8,3961.75,3961.75,3961.75,3961.75,25,3956.76
286,8,3947.50,3947.50,3947.50,3947.50,0,3957.18
286,8,3949.75,3949.75,3949.75,3949.75,0,3957.59
286,8,3964.77,3964.77,3964.77,3964.77,26301,3958.01
286,8,3966.00,3966.00,3966.00,3966.00,0,3958.42
286,9,3964.26,3964.75,3964.26,3964.75,26873,3958.84
286,9,3960.50,3960.50,3960.50,3960.50,2,3959.25
286,9,3960.88,3962.55,3960.88,3962.55,148,3959.67
286,9,3963.00,3963.00,3962.45,3962.45,6,3960.08
286,9,3961.70,3962.00,3961.70,3962.00,12,3960.50
286,9,3962.41,3962.41,3960.91,3961.00,10,3960.91
286,9,3958.20,3959.60,3958.20,3959.60,27207,3961.33
286,9,3962.00,3962.00,3962.00,3962.00,0,3961.74
286,10,3962.88,3962.88,3962.88,3962.88,6,3961.55
286,10,3965.75,3965.75,3965.75,3965.75,759,3961.35
286,10,3964.95,3964.95,3964.95,3964.95,0,3961.16
286,10,3963.84,3963.84,3963.84,3963.84,25,3960.96
286,10,3962.00,3962.00,3962.00,3962.00,708,3960.76
286,10,3962.75,3962.75,3962.75,3962.75,0,3960.57
286,11,3966.50,3966.50,3966.50,3966.50,172,3960.37
286,11,3958.63,3958.63,3958.63,3958.63,0,3960.18
286,11,3948.50,3948.50,3948.50,3948.50,836,3959.98
286,11,3949.54,3949.54,3949.54,3949.54,480,3959.79
286,11,3951.76,3951.76,3951.76,3951.76,250,3959.59
286,11,3957.25,3957.25,3957.25,3957.25,0,3959.39
286,11,3955.00,3955.00,3955.00,3955.00,29849,3959.20
286,11,3954.75,3954.75,3954.75,3954.75,2040,3959.00
286,12,3958.25,3958.25,3958.25,3958.25,0,3958.81
286,12,3964.32,3964.32,3964.32,3964.32,1500,3958.61
286,12,3963.00,3963.00,3963.00,3963.00,0,3958.41
286,13,3965.38,3965.38,3965.38,3965.38,36,3958.22
286,13,3956.22,3956.22,3956.22,3956.22,73,3958.02
286,13,3958.75,3964.00,3958.50,3958.50,1895,3957.83
286,13,3957.00,3957.00,3955.25,3955.25,601,3956.50
286,14,3968.14,3968.14,3968.14,3968.14,1850,3955.18
286,14,3971.79,3971.79,3971.79,3971.79,0,3953.85
286,14,3972.12,3972.12,3972.12,3972.12,61,3952.52
286,14,3972.25,3972.25,3972.25,3972.25,104,3951.20
286,14,3971.28,3971.28,3971.28,3971.28,2,3949.87
286,14,3967.48,3967.48,3967.48,3967.48,39,3948.55
286,15,3971.50,3971.50,3971.50,3971.50,0,3947.22
286,15,3968.00,3968.00,3968.00,3968.00,35246,3945.89
286,15,3972.50,3972.50,3972.50,3972.50,18,3944.57
286,15,3980.00,3980.00,3980.00,3980.00,1334,3943.24
287,7,3929.00,3929.00,3929.00,3929.00,0,3941.92
287,7,3933.50,3933.50,3920.75,3920.75,1905,3940.59
287,7,3922.25,3922.25,3922.25,3922.25,1,3939.26
287,7,3923.00,3924.25,3916.50,3916.50,2,3937.94
287,7,3924.00,3925.00,3924.00,3925.00,2,3936.61
287,7,3925.25,3926.50,3925.25,3926.50,0,3935.29
287,7,3929.62,3929.62,3929.62,3929.62,296,3933.96
287,7,3934.00,3934.00,3932.86,3932.86,988,3932.64
287,7,3930.32,3930.32,3930.32,3930.32,154,3931.31
287,7,3931.80,3931.80,3931.80,3931.80,0,3931.12
287,7,3932.00,3932.00,3932.00,3932.00,500,3930.93
287,7,3928.25,3929.00,3928.25,3929.00,511,3930.74
287,7,3927.00,3927.00,3926.50,3926.50,1000,3930.55
287,7,3924.75,3924.75,3924.75,3924.75,634,3930.36
287,8,3927.75,3927.75,3927.75,3927.75,866,3930.17
287,8,3925.25,3926.25,3925.25,3925.75,1789,3929.98
287,8,3927.75,3927.75,3927.75,3927.75,1287,3929.79
287,8,3931.00,3931.00,3930.50,3930.50,1435,3929.60
287,8,3931.39,3931.50,3931.39,3931.50,33,3929.41
287,8,3931.75,3931.75,3931.75,3931.75,2574,3929.22
287,8,3934.72,3934.72,3934.72,3934.72,0,3929.03
287,8,3937.41,3937.41,3937.41,3937.41,23055,3928.84
287,8,3930.46,3930.46,3930.46,3930.46,0,3928.65
287,9,3934.41,3936.40,3934.41,3936.40,74,3928.46
287,9,3930.16,3930.16,3930.16,3930.16,0,3928.27
287,9,3928.14,3928.14,3928.14,3928.14,50,3928.08
287,9,3930.66,3930.66,3930.66,3930.66,1564,3927.89
287,9,3930.08,3930.08,3930.08,3930.08,3064,3927.70
287,9,3927.40,3927.40,3927.40,3927.40,0,3927.51
287,10,3925.13,3925.13,3925.13,3925.13,0,3927.14
287,10,3924.75,3924.75,3924.75,3924.75,0,3926.78
287,10,3918.28,3918.28,3918.28,3918.28,79,3926.41
287,10,3911.12,3911.12,3911.12,3911.12,28,3926.04
287,11,3914.47,3914.47,3914.47,3914.47,472,3925.68
287,11,3918.00,3920.25,3918.00,3920.25,0,3925.31
287,11,3919.75,3919.75,3919.75,3919.75,28257,3924.95
287,11,3922.84,3924.17,3922.66,3924.17,390,3924.58
287,11,3923.72,3923.72,3923.72,3923.72,263,3924.21
287,11,3922.86,3922.86,3922.86,3922.86,0,3923.85
287,11,3924.00,3924.00,3923.75,3923.75,34,3923.48
287,12,3923.00,3923.25,3923.00,3923.25,36,3923.12
287,12,3923.00,3923.00,3923.00,3923.00,54,3922.75
287,12,3923.25,3923.25,3923.25,3923.25,18,3922.39
287,12,3922.25,3922.25,3922.25,3922.25,94,3922.02
287,12,3924.22,3924.22,3924.22,3924.22,335,3921.65
287,12,3923.53,3923.97,3923.53,3923.97,254,3921.29
287,12,3926.52,3926.52,3926.52,3926.52,802,3920.92
287,12,3925.59,3925.59,3925.59,3925.59,0,3920.56
287,13,3918.50,3918.50,3918.50,3918.50,4,3920.19
287,13,3916.75,3916.75,3916.75,3916.75,1,3924.15
287,13,3920.50,3920.50,3920.50,3920.50,100,3928.12
287,14,3934.95,3934.95,3934.95,3934.95,23,3932.08
287,14,3929.80,3929.80,3929.80,3929.80,2,3936.05
287,14,3938.97,3938.97,3938.97,3938.97,12,3940.02
287,14,3943.25,3943.25,3940.35,3940.35,253,3943.98
287,14,3945.75,3945.75,3945.75,3945.75,1084,3947.95
287,15,3949.25,3949.25,3949.25,3949.25,0,3951.91
287,15,3946.68,3947.12,3946.68,3947.12,0,3955.88
288,7,3995.25,3995.64,3995.25,3995.64,0,3959.84
288,7,3999.75,3999.75,3999.75,3999.75,0,3963.81
288,7,3999.50,3999.50,3999.50,3999.50,0,3967.77
288,7,3999.50,4002.50,3999.50,4002.50,680,3971.74
288,7,3997.41,4002.50,3997.41,4002.50,31134,3975.70
288,7,4004.00,4004.00,4003.75,4003.75,31816,3979.67
288,7,4002.50,4002.50,4002.50,4002.50,0,3983.63
288,7,4001.80,4001.98,4001.80,4001.98,31837,3987.60
288,7,3997.18,3997.18,3997.18,3997.18,5,3991.56
288,7,3996.62,3996.62,3996.62,3996.62,250,3995.53
288,8,4000.25,4000.25,4000.25,4000.25,1,3999.49
288,8,4001.50,4001.50,4001.50,4001.50,2,3999.50
288,8,3998.25,3998.25,3998.25,3998.25,169,3999.50
288,8,3998.25,3998.25,3998.25,3998.25,279,3999.51
288,9,4004.00,4004.00,4004.00,4004.00,0,3999.52
288,9,4008.54,4008.54,4008.54,4008.54,52,3999.53
288,9,4009.10,4009.10,4006.75,4007.75,137,3999.53
288,9,4004.02,4004.02,4004.02,4004.02,32737,3999.54
288,9,4004.71,4004.71,4004.71,4004.71,224,3999.55
288,10,4004.32,4004.32,4004.32,4004.32,5,3999.56
288,10,4003.41,4003.41,4003.41,4003.41,1,3999.56
288,10,4002.50,4002.50,4002.50,4002.50,2200,3999.57
288,10,4003.32,4003.32,4003.32,4003.32,0,3999.58
288,10,4006.50,4006.50,4006.50,4006.50,0,3999.59
288,11,3997.25,3997.25,3997.25,3997.25,930,3999.59
288,12,3997.25,3997.25,3995.75,3996.00,10245,3999.60
288,13,3992.50,3992.50,3992.50,3992.50,0,3999.61
288,14,4002.95,4002.95,3998.30,3998.30,15,3999.61
288,14,4000.89,4000.89,4000.89,4000.89,40,3999.62
288,14,4001.00,4001.00,4001.00,4001.00,80,3999.63
288,14,4000.00,4000.00,4000.00,4000.00,80,3999.64
288,14,3997.50,3997.50,3997.50,3997.50,1144,4000.10
288,14,3998.97,3998.97,3998.97,3998.97,891,4000.57
288,15,4002.25,4002.25,4002.25,4002.25,24,4001.04
288,15,4001.40,4002.25,3991.25,3991.25,207,4001.50
289,7,4011.25,4012.13,4011.25,4012.13,1609,4001.97
289,7,4011.59,4011.59,4011.59,4011.59,4,4002.44
289,7,4017.00,4017.00,4017.00,4017.00,0,4002.90
289,7,4010.50,4010.50,4010.50,4010.50,3322,4003.37
289,7,4009.75,4009.75,4009.75,4009.75,0,4003.84
289,7,4009.50,4009.50,4009.50,4009.50,0,4004.30
289,7,4008.50,4008.50,4008.50,4008.50,3328,4004.77
289,7,4007.50,4007.50,4007.50,4007.50,0,4005.24
289,7,4006.00,4006.00,4006.00,4006.00,500,4005.70
289,7,4006.24,4006.24,4006.24,4006.24,3,4006.17
289,7,4005.50,4005.50,4005.50,4005.50,1000,4006.64
289,7,4004.50,4004.75,4004.50,4004.75,7,4007.10
289,7,4007.92,4007.92,4007.92,4007.92,21,4007.57
289,7,4011.00,4011.00,4009.00,4009.00,697,4008.04
289,7,4010.00,4010.00,4009.25,4009.25,554,4008.50
289,8,4009.25,4009.25,4009.25,4009.25,446,4008.97
289,8,4008.50,4008.50,4008.50,4008.50,1000,4009.04
289,8,4008.06,4008.06,4007.00,4007.00,500,4009.11
289,8,4007.53,4007.53,4007.53,4007.53,145,4009.18
289,8,4006.23,4006.23,4006.23,4006.23,1609,4009.25
289,8,4007.93,4007.93,4007.93,4007.93,996,4009.31
289,8,4006.50,4006.50,4006.50,4006.50,0,4009.38
289,9,4007.10,4007.10,4007.10,4007.10,329,4009.45
289,9,4008.02,4008.02,4008.02,4008.02,426,4009.52
289,9,4007.75,4007.75,4007.75,4007.75,160,4009.59
289,9,4005.89,4005.89,4005.89,4005.89,5,4009.66
289,9,4005.53,4005.53,4005.53,4005.53,49,4009.73
289,11,4009.25,4009.25,4009.25,4009.25,7,4009.79
289,12,4019.00,4019.00,4008.75,4008.75,11396,4009.86
289,13,4008.25,4008.25,4008.25,4008.25,0,4009.93
289,13,4005.97,4005.97,4005.97,4005.97,24,4010.00
289,13,4006.00,4006.00,4006.00,4006.00,0,4010.07
289,13,3997.75,3997.75,3997.75,3997.75,1,4010.14
289,13,4004.25,4004.25,4004.25,4004.25,499,4010.21
289,14,4008.73,4008.73,4008.73,4008.73,6,4010.27
289,14,4009.28,4009.28,4007.50,4007.50,402,4010.34
289,14,4017.05,4017.05,4017.05,4017.05,5534,4006.26
289,14,4017.70,4017.70,4017.70,4017.70,652,4002.17
289,14,4020.33,4020.33,4020.33,4020.33,1,3998.08
289,15,4017.75,4017.75,4017.75,4017.75,2,3993.99
289,15,4020.25,4020.25,4020.25,4020.25,499,3989.90
289,15,4023.50,4023.50,4023.50,4023.50,25,3985.82
289,15,4024.00,4024.00,4015.75,4015.75,0,3981.73
290,7,3949.05,3952.00,3949.05,3952.00,34,3977.64
290,7,3952.00,3952.00,3952.00,3952.00,1,3973.55
290,7,3947.00,3947.00,3947.00,3947.00,0,3969.47
290,7,3936.50,3936.50,3936.50,3936.50,0,3965.38
290,7,3936.75,3936.75,3936.75,3936.75,0,3961.29
290,7,3932.75,3932.75,3932.75,3932.75,0,3957.20
290,7,3932.25,3932.50,3932.25,3932.50,1341,3953.12
290,7,3932.75,3937.00,3932.75,3937.00,1841,3949.03
290,7,3937.00,3937.00,3937.00,3937.00,21,3944.94
290,7,3931.79,3931.79,3931.79,3931.79,14896,3940.85
290,7,3933.35,3933.35,3932.97,3932.97,38162,3936.77
290,7,3932.25,3932.25,3929.05,3929.05,12241,3932.68
290,7,3926.96,3926.96,3926.96,3926.96,10892,3928.59
290,7,3930.00,3930.00,3930.00,3930.00,0,3929.07
290,7,3931.25,3931.25,3931.25,3931.25,222,3929.56
290,7,3931.88,3931.88,3931.88,3931.88,120,3930.04
290,7,3931.50,3931.50,3931.50,3931.50,440,3930.53
290,7,3930.00,3931.00,3930.00,3931.00,1,3931.01
290,8,3933.83,3934.72,3933.83,3934.72,596,3931.50
290,8,3933.00,3933.00,3933.00,3933.00,194,3931.98
290,8,3930.75,3930.75,3929.59,3929.59,30,3932.46
290,8,3930.25,3930.25,3930.25,3930.25,2,3932.95
290,8,3928.73,3928.73,3928.73,3928.73,278,3933.43
290,8,3937.50,3937.50,3937.50,3937.50,0,3933.92
290,8,3936.38,3936.38,3936.38,3936.38,284,3934.40
290,8,3936.75,3936.75,3936.75,3936.75,358,3934.89
290,8,3934.36,3934.36,3934.36,3934.36,70,3935.37
290,9,3938.50,3938.50,3938.50,3938.50,0,3935.85
290,9,3938.53,3938.53,3938.53,3938.53,75445,3936.34
290,9,3938.25,3938.25,3938.25,3938.25,309,3936.82
290,9,3937.65,3937.65,3937.65,3937.65,80,3937.31
290,9,3938.50,3938.50,3938.50,3938.50,460,3937.79
290,9,3938.47,3938.47,3938.47,3938.47,43,3938.28
290,9,3938.07,3938.07,3938.07,3938.07,82,3938.62
290,9,3936.48,3936.48,3936.48,3936.48,306,3938.95
290,9,3939.25,3939.25,3939.25,3939.25,0,3939.29
290,9,3937.68,3937.68,3937.68,3937.68,1164,3939.63
290,9,3936.44,3936.44,3936.44,3936.44,0,3939.97
290,10,3933.75,3936.50,3933.75,3936.50,500,3940.31
290,10,3937.50,3937.50,3937.50,3937.50,77730,3940.65
290,10,3935.25,3935.25,3934.50,3934.50,904,3940.99
290,10,3931.94,3931.94,3931.94,3931.94,53,3941.33
290,10,3933.00,3933.00,3933.00,3933.00,1000,3941.67
290,10,3934.00,3934.00,3934.00,3934.00,0,3942.01
290,10,3935.00,3935.00,3935.00,3935.00,500,3942.35
290,10,3935.75,3935.75,3935.75,3935.75,500,3942.69
290,10,3936.50,3936.50,3936.50,3936.50,500,3943.02
290,10,3936.75,3938.25,3936.75,3938.00,1923,3943.36
290,10,3936.81,3936.81,3936.75,3936.75,304,3943.70
290,10,3938.72,3939.00,3938.72,3939.00,628,3944.04
290,10,3940.99,3940.99,3940.75,3940.75,1121,3944.38
290,11,3942.25,3944.03,3942.00,3944.03,685,3944.72
290,11,3942.19,3942.19,3942.19,3942.19,699,3945.06
290,11,3941.50,3949.50,3941.50,3949.50,984,3947.33
290,11,3960.75,3960.75,3960.75,3960.75,212,3949.60
290,11,3962.50,3969.00,3962.50,3969.00,5914,3951.88
290,11,3965.77,3965.77,3965.77,3965.77,0,3954.15
290,11,3966.77,3966.77,3966.77,3966.77,246,3956.42
290,11,3965.74,3965.74,3965.74,3965.74,37,3958.69
290,11,3966.75,3966.75,3966.75,3966.75,4,3960.97
290,11,3969.00,3969.00,3968.75,3968.75,1,3963.24
290,12,3974.00,3974.00,3974.00,3974.00,1,3965.51
290,12,3978.25,3978.25,3978.25,3978.25,0,3967.78
290,12,3977.78,3977.78,3977.78,3977.78,93311,3970.05
290,13,3975.25,3975.25,3974.15,3974.15,93488,3972.33
290,13,3982.50,3982.50,3982.50,3982.50,2,3974.60
290,14,3987.97,3987.97,3987.97,3987.97,0,3976.87
290,14,4001.47,4001.47,4001.47,4001.47,25,3979.14
290,14,3997.28,3997.28,3997.28,3997.28,4,3981.41
290,14,3998.75,3998.75,3998.75,3998.75,651,3983.69
290,15,3995.75,3996.75,3995.75,3996.75,174,3985.96
290,15,3991.39,3991.39,3990.35,3990.35,26863,3988.23
290,15,3990.37,3990.37,3989.66,3989.66,34787,3990.50
290,15,3991.06,3991.06,3991.06,3991.06,11741,3992.28
290,15,3991.50,3991.50,3991.50,3991.50,50,3994.05
290,15,3986.50,3986.50,3986.50,3986.50,59,3995.82
290,15,3986.39,3986.39,3986.39,3986.39,100,3997.59
293,7,4026.00,4026.00,4021.50,4026.00,0,3999.37
293,7,4029.00,4029.00,4029.00,4029.00,28,4001.14
293,7,4025.75,4026.00,4021.50,4021.50,0,4002.91
293,7,4028.50,4028.50,4027.25,4027.25,120,4004.69
293,7,4025.50,4026.25,4025.50,4026.25,122,4006.46
293,7,4029.50,4031.00,4028.25,4028.25,0,4008.23
293,7,4029.75,4029.75,4029.75,4029.75,0,4010.01
293,7,4031.00,4031.00,4027.50,4029.75,149,4011.78
293,7,4027.25,4027.25,4027.25,4027.25,0,4013.55
293,7,4030.25,4030.25,4030.25,4030.25,150,4015.32
293,7,4021.75,4021.75,4021.75,4021.75,0,4017.10
293,7,4029.50,4029.50,4029.50,4029.50,175,4018.87
293,7,4021.50,4027.25,4021.50,4027.25,1,4020.64
293,7,4029.50,4029.50,4029.50,4029.50,40,4022.42
293,8,4027.74,4027.74,4027.74,4027.74,330,4024.19
293,8,4025.25,4025.25,4025.25,4025.25,48,4025.96
293,8,4024.75,4025.39,4024.75,4025.39,7,4025.52
293,8,4023.25,4023.25,4023.25,4023.25,30,4025.08
293,8,4022.08,4022.08,4022.08,4022.08,400,4024.63
293,8,4020.50,4020.50,4020.50,4020.50,0,4024.19
293,8,4030.75,4030.75,4030.75,4030.75,0,4023.75
293,8,4020.00,4020.00,4020.00,4020.00,21,4023.30
293,8,4019.75,4019.75,4019.75,4019.75,0,4022.86
293,9,4031.75,4031.75,4018.75,4018.75,0,4022.42
293,9,4018.43,4018.43,4018.43,4018.43,1101,4021.97
293,9,4018.25,4018.25,4018.25,4018.25,50,4021.53
293,9,4018.25,4018.25,4018.25,4018.25,2,4021.09
293,9,4018.00,4018.00,4018.00,4018.00,217,4020.65
293,9,4018.00,4018.00,4018.00,4018.00,217,4020.20
293,9,4018.25,4018.78,4018.25,4018.78,1192,4019.76
293,9,4018.25,4018.25,4018.25,4018.25,240,4019.32
293,9,4018.00,4018.00,4018.00,4018.00,434,4018.87
293,9,4017.50,4017.50,4017.50,4017.50,217,4018.43
293,9,4017.34,4017.34,4017.34,4017.34,0,4017.99
293,9,4017.00,4017.00,4017.00,4017.00,217,4017.54
293,9,4017.50,4017.50,4017.50,4017.50,54,4017.10
293,9,4016.43,4016.43,4016.43,4016.43,262,4017.45
293,9,4017.02,4017.02,4017.02,4017.02,500,4017.80
293,9,4017.00,4017.75,4017.00,4017.75,15,4018.15
293,9,4018.50,4018.82,4018.50,4018.82,48,4018.50
293,9,4018.82,4019.70,4018.82,4019.70,63,4018.85
293,10,4023.50,4023.50,4023.50,4023.50,56,4019.20
293,10,4022.50,4022.50,4022.50,4022.50,522,4019.56
293,10,4024.25,4024.25,4024.25,4024.25,20,4019.91
293,10,4024.00,4024.00,4024.00,4024.00,26,4020.26
293,11,4020.00,4020.13,4020.00,4020.13,494,4020.61
293,11,4022.25,4022.25,4022.25,4022.25,0,4020.96
293,11,4021.00,4021.00,4021.00,4021.00,22,4021.31
293,11,4022.75,4022.75,4022.75,4022.75,21,4021.66
293,11,4023.25,4023.25,4023.25,4023.25,42,4022.01
293,12,4019.77,4019.77,4019.77,4019.77,0,4022.36
293,12,4019.75,4019.75,4019.75,4019.75,50,4022.71
293,12,4022.00,4022.00,4022.00,4022.00,31,4023.06
293,12,4020.00,4021.25,4020.00,4021.25,0,4023.41
293,12,4023.75,4023.75,4023.75,4023.75,54,4023.76
293,12,4023.00,4023.00,4023.00,4023.00,13,4024.11
293,13,4026.50,4026.50,4026.50,4026.50,4,4025.59
293,13,4027.25,4027.25,4027.25,4027.25,70,4027.07
293,13,4025.81,4025.81,4025.81,4025.81,718,4028.54
293,13,4027.04,4027.04,4027.04,4027.04,636,4030.02
293,13,4026.75,4026.75,4026.75,4026.75,0,4031.50
293,13,4029.75,4029.75,4029.75,4029.75,46,4032.97
293,13,4034.02,4034.02,4034.02,4034.02,4,4034.45
293,13,4037.50,4037.50,4037.50,4037.50,54,4035.92
293,13,4038.86,4038.86,4038.86,4038.86,207,4037.40
293,13,4037.75,4037.75,4037.75,4037.75,24,4038.88
293,13,4037.01,4037.01,4037.01,4037.01,1500,4040.35
293,14,4037.25,4037.25,4037.25,4037.25,0,4041.83
293,14,4036.25,4037.96,4036.25,4037.96,770,4043.31
293,14,4036.99,4037.00,4036.75,4037.00,401,4044.78
293,14,4037.00,4037.00,4037.00,4037.00,4600,4046.26
293,14,4045.00,4045.00,4045.00,4045.00,46,4047.74
293,14,4052.25,4052.25,4052.25,4052.25,1,4049.21
293,15,4050.50,4052.75,4050.50,4050.50,86,4050.69
293,15,4053.77,4053.77,4053.77,4053.77,98,4052.16
293,15,4053.75,4053.75,4053.75,4053.75,26,4053.64
293,15,4053.50,4053.50,4053.50,4053.50,1,4053.19
293,15,4055.50,4056.00,4055.50,4055.50,1756,4052.73
294,7,4056.75,4056.75,4056.75,4056.75,0,4052.28
294,7,4056.75,4056.75,4052.56,4052.56,422,4051.82
294,7,4056.00,4056.00,4056.00,4056.00,0,4051.37
294,7,4053.25,4053.25,4053.25,4053.25,0,4050.91
294,7,4052.75,4052.75,4052.75,4052.75,0,4050.46
294,7,4052.25,4052.75,4052.25,4052.75,0,4050.00
294,7,4050.75,4050.75,4050.75,4050.75,3076,4049.54
294,7,4051.00,4051.00,4051.00,4051.00,0,4049.09
294,8,4048.68,4048.68,4048.68,4048.68,177,4048.63
294,8,4047.86,4047.86,4047.86,4047.86,0,4048.18
294,8,4046.28,4046.28,4046.28,4046.28,38,4047.72
294,8,4046.38,4046.38,4046.38,4046.38,0,4047.27
294,8,4044.25,4044.39,4044.25,4044.39,789,4046.81
294,8,4042.50,4042.50,4042.50,4042.50,2,4046.36
294,8,4044.25,4044.25,4044.25,4044.25,0,4045.90
294,8,4043.93,4043.93,4043.93,4043.93,208,4045.45
294,8,4042.99,4042.99,4042.99,4042.99,154,4044.99
294,9,4044.51,4044.51,4044.51,4044.51,31,4044.54
294,9,4045.74,4045.74,4045.74,4045.74,206,4044.13
294,9,4046.25,4047.57,4046.25,4047.57,507,4043.73
294,9,4047.60,4047.60,4047.50,4047.50,54,4043.32
294,9,4048.25,4048.25,4048.25,4048.25,4,4042.92
294,10,4047.75,4047.75,4047.75,4047.75,766,4042.51
294,10,4047.34,4047.34,4047.34,4047.34,0,4042.10
294,10,4048.08,4048.08,4048.08,4048.08,57,4041.70
294,11,4048.00,4048.00,4048.00,4048.00,215,4041.29
294,11,4049.84,4050.25,4049.84,4050.25,35,4040.89
294,11,4052.25,4052.25,4052.25,4052.25,915,4040.48
294,12,4047.07,4047.07,4047.07,4047.07,532,4040.08
294,12,4047.06,4047.06,4047.06,4047.06,0,4039.67
294,12,4045.75,4045.75,4045.75,4045.75,0,4039.26
294,13,4036.79,4036.79,4036.79,4036.79,5820,4038.86
294,13,4040.00,4040.00,4040.00,4040.00,2,4038.45
294,14,4025.28,4025.28,4025.28,4025.28,0,4038.05
294,14,4030.22,4030.22,4030.22,4030.22,17,4037.64
294,14,4033.27,4035.48,4033.27,4035.48,7,4037.24
294,14,4035.31,4035.31,4035.31,4035.31,12,4036.83
294,14,4036.45,4036.45,4036.45,4036.45,74,4036.42
294,14,4038.32,4038.32,4038.32,4038.32,98,4037.21
294,14,4032.64,4032.64,4032.64,4032.64,30,4038.00
294,14,4030.00,4030.00,4030.00,4030.00,110,4038.79
294,14,4029.88,4029.88,4029.88,4029.88,299,4039.58
294,14,4032.50,4032.50,4032.50,4032.50,744,4040.37
294,14,4034.00,4034.00,4034.00,4034.00,519,4041.15
294,14,4036.04,4036.04,4036.04,4036.04,1486,4041.94
294,15,4032.75,4032.75,4032.75,4032.75,0,4042.73
294,15,4034.75,4034.75,4033.50,4033.50,177,4043.52
294,15,4030.80,4030.80,4030.80,4030.80,199,4044.31
294,15,4029.34,4029.34,4029.34,4029.34,125,4045.10
295,7,4053.80,4055.40,4053.80,4055.40,119,4045.89
295,7,4056.75,4056.75,4056.75,4056.75,0,4046.67
295,7,4056.50,4056.50,4056.50,4056.50,0,4047.46
295,7,4047.00,4047.00,4047.00,4047.00,0,4048.25
295,7,4046.75,4049.00,4046.75,4049.00,189,4049.04
295,7,4056.00,4056.00,4056.00,4056.00,0,4049.83
295,7,4053.00,4053.00,4053.00,4053.00,2664,4050.62
295,7,4052.74,4052.74,4052.74,4052.74,0,4051.40
295,7,4053.00,4053.00,4053.00,4053.00,0,4052.19
295,7,4050.50,4050.50,4050.50,4050.50,2292,4051.77
295,7,4049.00,4049.00,4049.00,4049.00,430,4051.35
295,7,4051.88,4051.88,4051.88,4051.88,0,4050.92
295,8,4052.99,4053.00,4052.99,4053.00,5413,4050.50
295,8,4047.50,4047.50,4047.50,4047.50,0,4050.08
295,8,4047.26,4047.26,4047.26,4047.26,24,4049.65
295,8,4047.46,4047.46,4046.70,4046.70,204,4049.23
295,8,4048.25,4048.25,4048.25,4048.25,4,4048.80
295,8,4044.75,4044.75,4044.75,4044.75,5928,4048.38
295,8,4045.00,4045.00,4045.00,4045.00,5864,4047.96
295,8,4045.30,4045.30,4045.30,4045.30,2,4047.53
295,9,4046.00,4046.00,4046.00,4046.00,410,4047.11
295,9,4043.27,4043.27,4043.27,4043.27,492,4046.69
295,9,4041.01,4041.01,4041.01,4041.01,240,4046.26
295,9,4040.43,4040.43,4040.43,4040.43,37,4045.84
295,9,4040.00,4042.25,4040.00,4042.25,2,4045.42
295,9,4042.72,4042.72,4042.72,4042.72,22,4044.99
295,9,4043.95,4043.95,4043.95,4043.95,164,4044.57
295,9,4043.05,4043.05,4043.05,4043.05,165,4044.15
295,9,4044.00,4044.00,4044.00,4044.00,799,4043.72
295,9,4044.00,4044.00,4044.00,4044.00,437,4043.76
295,9,4042.80,4042.80,4042.80,4042.80,650,4043.80
295,9,4043.48,4043.48,4043.48,4043.48,0,4043.84
295,9,4043.25,4043.25,4041.92,4041.92,84,4043.87
295,9,4044.15,4044.15,4044.15,4044.15,770,4043.91
295,10,4044.15,4044.15,4044.15,4044.15,927,4043.95
295,10,4051.50,4051.50,4051.50,4051.50,0,4043.99
295,11,4045.47,4045.47,4045.47,4045.47,3136,4044.03
295,11,4034.75,4034.75,4034.75,4034.75,0,4044.06
295,12,4041.75,4041.75,4041.50,4041.50,26115,4044.10
295,12,4047.50,4047.50,4047.50,4047.50,3,4044.14
295,13,4048.25,4048.25,4047.75,4047.75,2,4044.18
295,13,4050.00,4050.00,4050.00,4050.00,250,4044.22
295,13,4049.53,4049.53,4048.96,4048.96,941,4044.25
295,13,4052.00,4052.00,4052.00,4052.00,0,4044.29
295,13,4047.75,4047.75,4047.75,4047.75,964,4044.33
295,14,4055.47,4055.47,4055.47,4055.47,0,4044.37
295,14,4052.94,4052.94,4052.94,4052.94,168,4044.40
295,14,4052.25,4052.25,4052.25,4052.25,0,4044.44
295,14,4043.50,4043.50,4043.50,4043.50,1162,4044.48
295,14,4040.24,4040.24,4040.24,4040.24,94,2022.24
295,15,4025.50,4025.50,4025.50,4025.50,41,0.00
