dayoftheyear,open,high,low,close,WLLDE
0,95.66,96.07,94.45,94.91,94.89
1,94.49,94.60,93.25,93.51,93.63
2,93.65,93.81,91.85,92.26,93.06
3,92.87,93.67,92.65,93.45,93.64
4,94.24,95.42,94.14,95.24,94.48
5,95.53,95.56,94.06,94.61,94.44
6,94.80,94.90,93.39,93.62,93.89
7,94.54,95.53,92.84,93.60,93.46
8,92.66,93.56,92.26,93.08,92.93
9,93.51,93.66,91.76,91.87,92.56
10,91.75,93.07,91.61,92.95,92.93
11,93.51,93.93,92.46,93.69,93.65
12,93.41,94.61,93.08,94.17,94.50
13,94.54,96.01,93.71,95.91,95.46
14,95.90,96.42,95.63,96.12,95.87
15,96.01,96.19,95.52,96.01,95.32
16,94.50,94.56,93.21,93.52,94.12
17,95.03,95.13,93.03,93.04,93.50
18,92.97,94.11,92.16,93.94,93.54
19,93.86,94.58,93.08,93.21,93.64
20,93.42,94.10,91.97,94.02,94.07
21,94.36,94.99,93.75,94.92,94.65
22,94.54,95.47,94.33,94.84,95.03
23,95.08,95.73,94.84,95.66,95.26
24,95.81,96.04,94.74,95.08,95.19
25,94.71,95.23,94.55,94.78,95.31
26,95.30,96.38,95.16,96.25,96.00
27,96.36,96.82,96.18,96.60,96.79
28,97.23,97.77,97.08,97.73,97.64
29,98.00,98.58,97.82,98.57,98.32
30,98.57,98.72,98.32,98.66,98.66
31,98.54,98.85,98.41,98.80,98.92
32,98.73,99.35,98.70,99.29,99.33
33,99.22,100.00,98.91,99.95,99.78
34,99.89,100.08,99.67,100.05,100.01
35,99.92,100.25,99.62,100.12,100.05
36,99.98,100.36,99.66,99.88,100.07
37,99.98,100.44,99.70,100.38,100.16
38,100.35,100.41,99.78,99.94,100.28
39,100.13,100.88,100.12,100.84,100.46
40,100.54,100.64,99.74,100.37,100.37
41,100.04,100.19,99.44,99.99,100.12
42,100.25,100.47,99.75,100.16,99.82
43,100.03,100.23,98.78,99.03,99.34
44,99.23,99.56,98.83,99.31,98.74
45,98.60,98.63,97.47,97.47,97.84
46,97.62,97.74,96.87,96.91,97.30
47,96.83,97.65,96.77,97.54,97.32
48,97.45,97.84,96.51,97.12,97.57
49,97.48,98.41,97.38,98.37,98.12
50,98.11,98.69,97.88,98.53,98.71
51,98.26,99.95,97.75,99.50,99.29
52,99.60,99.92,99.45,99.64,99.74
53,100.47,100.79,100.27,100.29,100.03
54,100.23,100.51,100.06,100.10,99.93
55,100.09,100.55,99.72,99.74,99.20
56,99.89,99.98,97.42,97.45,98.03
57,96.65,97.67,96.33,97.12,97.45
58,97.10,97.74,96.95,97.51,97.69
59,98.10,98.71,98.10,98.63,97.99
60,98.35,98.55,97.56,97.58,97.69
61,97.58,97.60,96.45,97.08,97.30
62,97.17,97.45,96.83,97.14,97.36
63,96.57,98.20,96.42,97.93,97.70
64,97.88,98.60,97.77,97.77,98.02
65,97.81,98.68,97.80,98.54,98.52
66,98.50,99.20,98.17,99.16,99.06
67,99.13,99.58,98.90,99.57,99.35
68,99.64,100.15,99.21,99.32,99.32
69,99.22,99.50,98.47,99.03,99.29
70,99.29,99.86,99.17,99.65,99.40
71,99.39,99.69,99.25,99.51,99.16
72,98.56,98.83,97.54,97.96,98.82
73,98.45,99.61,98.42,99.43,99.22
74,100.00,100.18,99.74,99.86,99.85
75,100.11,100.57,99.47,100.40,100.39
76,100.06,101.23,100.04,100.78,101.02
77,101.84,102.29,101.68,102.15,101.67
78,102.53,102.72,101.67,101.89,101.82
79,101.96,102.16,100.83,101.69,101.51
80,101.12,101.71,100.49,101.05,100.84
81,100.47,100.88,98.93,99.46,100.30
82,99.85,100.84,99.83,100.77,100.45
83,101.09,101.57,100.88,100.94,100.36
84,100.54,100.72,99.25,99.29,99.58
85,99.47,99.75,97.95,98.61,99.08
86,98.58,99.48,98.51,99.20,99.39
87,100.23,100.65,100.08,100.44,99.95
88,100.50,100.71,99.98,100.05,99.99
89,99.46,100.11,98.69,99.60,99.85
90,100.03,100.55,99.65,99.80,100.17
91,100.61,101.34,100.24,101.26,100.86
92,101.52,101.66,101.01,101.26,101.32
93,101.09,101.91,101.02,101.70,101.55
94,101.81,101.97,101.43,101.59,101.65
95,101.67,102.27,101.12,101.66,101.78
96,101.48,102.32,101.33,102.19,101.96
97,102.06,102.45,102.00,102.08,101.83
98,101.86,102.00,100.50,100.91,101.68
99,101.22,102.65,100.99,102.54,102.04
100,102.34,102.58,101.99,102.31,102.15
101,102.24,102.38,101.45,101.69,101.95
102,102.24,102.31,101.20,102.04,101.89
103,101.66,102.21,101.16,101.71,101.84
104,102.18,102.40,101.77,102.02,101.72
105,101.45,102.09,100.92,101.24,101.34
106,101.12,101.36,100.38,101.00,100.81
107,100.96,101.03,99.77,99.98,100.28
108,99.74,100.17,99.06,99.81,100.28
109,100.15,101.47,100.04,101.18,100.81
110,101.52,101.79,101.15,101.33,100.98
111,100.79,101.00,100.36,100.49,100.60
112,99.75,100.15,99.16,100.00,100.33
113,99.89,100.71,99.85,100.54,100.54
114,100.71,101.14,100.20,100.82,101.11
115,101.19,102.46,101.13,102.29,101.75
116,102.34,102.42,101.71,101.78,102.07
117,102.53,102.84,102.30,102.53,102.34
118,102.64,102.71,102.19,102.61,102.41
119,102.49,102.93,102.06,102.09,102.14
120,102.48,102.59,101.72,101.88,101.68
121,101.86,102.10,100.83,101.21,100.75
122,100.09,100.64,98.77,98.82,99.64
123,99.56,99.77,98.86,99.17,99.39
124,100.15,100.35,99.49,99.96,99.73
125,100.24,100.33,99.68,99.98,99.89
126,99.35,100.33,99.14,99.75,99.82
127,99.86,100.09,98.02,100.00,99.46
128,99.29,99.41,98.08,98.26,98.78
129,99.57,99.66,98.20,98.21,98.78
130,99.51,100.08,99.15,99.71,99.81
131,100.57,101.54,100.56,101.46,101.10
132,101.59,102.40,101.54,102.12,101.96
133,102.32,102.63,101.95,102.23,102.64
134,103.08,103.70,102.87,103.68,103.71
135,104.51,105.21,104.34,105.21,104.82
136,105.43,105.95,105.11,105.57,105.34
137,105.61,105.77,105.20,105.50,105.16
138,103.89,104.82,103.89,104.31,104.49
139,104.41,104.75,103.65,103.92,103.76
140,104.48,104.66,102.74,102.90,103.00
141,102.32,102.76,101.83,102.05,102.59
142,102.50,103.13,101.69,102.93,102.85
143,103.15,103.54,102.75,103.32,103.31
144,103.08,103.98,102.46,103.81,103.61
145,104.13,104.19,103.48,103.69,103.61
146,103.71,103.99,102.68,103.36,103.43
147,103.32,103.50,102.74,103.17,103.39
148,103.74,104.66,103.62,103.97,103.29
149,104.06,104.20,101.84,102.30,102.74
150,102.05,102.41,101.33,102.17,102.54
151,102.82,103.56,102.81,103.34,102.66
152,102.79,103.19,101.45,102.01,102.43
153,101.31,102.57,100.23,102.36,102.28
154,102.47,102.96,101.97,102.20,102.31
155,101.96,102.50,101.75,102.36,102.53
156,102.11,103.23,101.85,103.21,102.79
157,103.07,103.15,102.54,102.68,102.49
158,102.36,102.91,101.41,102.00,101.25
159,101.06,101.38,99.17,99.18,98.64
160,97.78,98.61,94.84,94.84,95.14
161,87.28,94.96,78.49,91.19,92.47
162,94.54,95.16,90.78,90.85,92.47
163,93.51,95.61,91.63,95.43,94.84
164,96.81,97.91,95.66,97.84,96.93
165,97.33,98.18,97.11,97.83,97.28
166,97.28,97.82,96.37,96.61,96.21
167,94.20,95.67,93.20,93.59,95.20
168,95.29,96.25,94.19,96.23,95.45
169,96.61,97.27,95.49,95.76,95.58
170,94.44,95.26,94.09,94.62,95.65
171,96.44,97.41,96.04,97.29,96.33
172,98.44,98.47,95.95,96.20,96.71
173,96.08,97.88,95.97,97.24,97.13
174,96.80,97.78,96.52,97.78,97.55
175,98.14,98.16,97.11,97.48,97.88
176,97.72,98.94,97.35,98.63,98.48
177,98.65,99.28,98.31,99.19,98.94
178,99.09,100.71,98.77,99.22,98.81
179,97.70,98.97,97.65,97.81,98.23
180,98.35,98.93,97.24,98.12,97.68
181,96.61,96.95,95.75,96.65,97.06
182,96.91,97.17,96.22,96.73,96.63
183,95.79,96.74,94.95,96.37,96.14
184,97.41,97.50,94.96,95.56,95.03
185,95.15,95.21,92.56,92.84,93.58
186,93.07,94.02,91.69,92.35,93.21
187,93.67,94.58,93.31,94.48,94.10
188,94.65,94.92,93.39,94.91,95.22
189,93.59,96.57,93.29,96.57,96.45
190,97.28,98.21,97.07,97.95,97.40
191,97.72,98.05,96.73,97.49,97.74
192,98.10,98.29,96.83,98.07,98.05
193,97.70,98.63,96.75,98.46,98.46
194,98.51,99.09,98.24,98.91,98.81
195,99.09,99.34,98.74,99.15,98.88
196,98.58,99.59,98.42,98.51,98.70
197,98.51,99.00,97.94,98.35,98.89
198,98.71,99.98,98.58,99.97,99.66
199,100.18,100.44,99.70,100.39,100.34
200,100.25,101.03,100.03,100.96,100.62
201,100.78,101.00,100.10,100.44,100.48
202,100.95,101.05,99.79,99.83,100.70
203,100.72,101.94,100.43,101.86,102.12
204,104.60,105.14,104.05,104.71,103.87
205,104.64,104.98,104.24,104.78,104.74
206,104.50,105.14,104.47,104.99,105.16
207,105.15,105.86,104.30,105.86,105.55
208,105.38,105.87,105.27,105.70,105.62
209,105.74,105.92,105.19,105.22,105.70
210,105.50,106.54,105.28,106.41,106.20
211,106.20,107.16,106.04,106.78,106.62
212,107.14,107.21,106.35,106.79,106.69
213,106.88,107.14,105.95,106.50,106.56
214,106.30,106.70,105.62,106.58,106.24
215,106.18,106.32,104.80,105.44,105.68
216,104.89,105.28,104.57,105.18,105.22
217,105.46,105.97,104.87,105.05,104.73
218,104.62,105.13,103.95,104.03,103.80
219,103.59,103.70,101.93,101.98,103.01
220,101.88,103.47,101.65,103.45,103.22
221,103.62,104.26,103.25,103.51,104.00
222,103.93,105.60,103.83,105.50,104.99
223,105.56,106.06,105.37,105.58,105.66
224,106.08,106.37,105.97,106.29,106.00
225,106.33,106.72,105.53,105.98,106.02
226,105.30,106.14,104.77,105.89,105.96
227,106.05,106.18,105.76,105.98,105.99
228,106.22,106.35,105.77,106.13,106.05
229,106.45,106.45,105.52,105.86,106.20
230,106.29,106.92,106.16,106.92,106.39
231,107.00,107.47,106.10,106.26,106.00
232,106.55,106.74,103.84,104.46,105.65
233,104.78,107.08,104.56,106.90,106.16
234,106.98,107.04,105.91,106.42,106.40
235,105.31,106.77,105.27,106.43,106.01
236,105.97,106.55,104.17,104.81,105.30
237,105.06,105.99,104.74,105.29,104.58
238,104.07,104.35,102.80,102.86,103.77
239,103.00,103.69,101.56,103.64,103.76
240,104.60,105.18,104.14,104.28,104.44
241,104.98,106.00,103.89,105.83,104.86
242,106.29,106.29,104.27,104.28,104.14
243,103.96,104.19,102.28,102.28,103.24
244,103.25,103.44,102.49,103.42,103.40
245,103.97,104.25,103.42,104.10,104.08
246,104.64,104.95,104.45,104.87,104.62
247,104.87,105.14,104.81,104.85,104.88
248,104.60,104.82,103.85,104.80,105.23
249,105.42,106.68,105.36,106.45,105.67
250,106.35,106.39,105.47,105.49,105.24
251,105.11,105.31,104.16,104.17,103.95
252,101.93,102.07,100.69,101.98,102.55
253,102.48,102.61,101.33,101.80,101.54
254,100.03,101.41,100.03,100.82,100.20
255,98.67,99.92,97.61,97.67,98.37
256,98.37,98.99,96.76,96.86,97.33
257,97.55,97.84,95.67,97.16,97.30
258,98.09,98.79,96.93,98.29,97.10
259,98.69,98.93,94.75,94.90,96.24
260,95.27,97.77,93.75,96.92,95.66
261,93.71,94.94,92.67,93.91,94.72
262,95.19,95.34,93.02,94.12,94.10
263,92.64,94.83,90.57,93.83,94.04
264,94.23,95.32,92.96,93.92,94.61
265,95.81,96.68,95.49,96.64,95.51
266,96.30,96.84,95.12,95.21,95.65
267,95.61,96.47,94.77,96.06,95.27
268,95.50,95.91,93.27,93.67,94.75
269,95.22,95.26,93.37,94.99,95.28
270,94.96,97.01,94.94,96.98,96.36
271,96.51,97.60,96.14,97.24,96.48
272,96.79,96.83,94.84,95.13,95.57
273,95.77,95.77,93.02,94.67,94.75
274,94.42,95.42,93.54,94.67,93.72
275,94.33,94.37,91.01,91.38,91.90
276,89.67,90.38,88.32,89.98,90.44
277,88.78,91.06,88.64,89.70,89.93
278,90.74,91.91,89.98,90.05,89.99
279,88.90,90.63,88.65,89.92,90.41
280,90.93,91.38,90.08,91.29,91.56
281,92.64,93.34,92.06,93.34,93.26
282,94.02,95.59,93.78,95.46,94.50
283,95.76,95.77,94.25,94.37,94.72
284,93.91,94.94,93.71,94.65,94.98
285,95.53,96.28,95.44,96.18,95.34
286,95.62,95.89,94.54,94.60,95.27
287,93.49,95.62,92.92,95.50,95.57
288,95.70,96.44,94.84,96.44,96.09
289,97.18,97.20,96.09,96.32,96.20
290,96.23,96.95,95.46,95.46,96.56
291,96.37,98.52,96.07,98.52,97.71
292,98.40,98.58,97.80,98.56,98.38
293,98.46,98.48,97.67,98.37,98.40
294,98.48,99.04,97.76,98.41,98.21
295,97.91,98.47,97.11,97.81,97.77
296,97.13,97.98,96.83,96.99,97.41
297,97.36,97.64,96.82,97.62,97.50
298,98.03,98.59,96.21,97.47,97.97
299,98.52,99.17,98.21,99.17,98.75
300,98.80,99.57,98.77,99.34,99.25
301,98.99,99.42,98.67,99.30,99.55
302,99.06,100.45,99.03,100.19,99.94
303,99.90,100.37,99.53,100.13,100.17
304,100.37,100.54,99.76,100.29,100.37
305,100.11,100.78,100.06,100.68,100.62
306,100.11,101.22,100.09,100.99,100.66
307,100.79,100.87,99.94,100.16,100.38
308,99.67,100.22,99.50,100.19,100.24
309,100.47,100.49,99.87,100.05,100.55
310,99.86,101.72,99.69,101.65,101.35
311,102.26,102.78,101.93,102.15,101.95
312,102.07,102.46,101.84,102.00,102.30
313,101.38,103.12,101.24,103.08,102.64
314,103.08,103.16,102.45,102.69,102.54
315,101.90,102.28,101.57,101.70,102.40
316,101.80,103.41,101.80,103.37,102.53
317,102.77,102.96,101.45,101.89,102.20
318,102.52,102.77,101.46,101.81,101.82
319,102.25,102.77,101.43,101.44,101.84
320,101.51,102.48,100.90,102.29,102.43
321,103.07,103.75,102.94,103.60,103.19
322,103.61,103.99,102.75,103.61,103.50
323,103.52,103.74,103.08,103.34,103.54
324,103.05,103.93,102.98,103.89,103.58
325,104.09,104.09,102.63,103.26,103.44
326,103.26,103.82,102.91,103.34,103.29
327,103.29,103.73,102.89,103.35,102.91
328,102.01,102.48,100.99,101.79,102.21
329,101.48,101.80,101.30,101.79,101.68
330,102.01,102.18,100.99,101.30,101.16
331,100.26,100.72,99.66,100.49,100.37
332,100.60,101.19,99.08,99.27,99.53
333,99.27,99.48,97.96,98.75,99.17
334,99.00,99.82,98.59,99.68,99.16
335,98.97,99.42,98.50,98.76,98.80
336,98.16,98.52,97.88,98.12,98.35
337,98.48,98.69,97.90,98.09,98.29
338,97.61,98.64,97.52,98.62,98.60
339,98.63,99.36,98.58,98.90,99.14
340,99.25,100.30,99.08,100.25,99.59
341,100.10,100.40,99.32,99.35,99.41
342,99.58,99.70,98.21,98.91,99.01
343,98.82,99.43,98.35,98.54,98.96
344,98.69,100.14,98.60,99.78,99.11
345,99.69,99.98,98.26,98.52,98.91
346,98.30,99.41,98.11,98.88,98.73
347,98.50,98.74,97.65,98.37,98.80
348,98.76,99.85,98.70,99.45,99.21
349,99.56,99.92,99.22,99.32,99.90
350,99.87,101.43,99.84,101.31,100.97
351,101.69,102.34,101.51,102.04,101.86
352,102.14,102.47,101.90,102.33,102.38
353,102.40,102.88,102.38,102.87,102.76
354,103.01,103.22,102.54,103.06,103.00
355,102.75,103.31,102.66,103.07,103.10
356,102.87,103.30,102.31,103.29,103.11
357,103.09,103.14,102.13,102.80,103.02
358,102.99,103.45,102.81,103.18,103.02
359,103.23,103.33,102.87,102.91,103.01
360,103.09,103.31,102.71,103.09,102.96
361,102.67,103.04,102.47,102.92,102.61
362,101.99,102.19,101.40,101.76,101.85
363,101.18,101.75,100.78,100.91,101.18
364,100.64,101.27,100.17,100.91,100.87
365,101.15,101.29,100.45,100.62,100.74
366,100.12,101.01,99.48,100.92,100.54
367,100.71,100.85,99.50,99.73,100.24
368,100.89,101.37,100.28,100.36,100.31
369,100.49,100.89,100.30,100.68,100.55
370,100.73,101.33,100.35,100.44,100.72
371,101.21,101.89,100.79,101.87,100.24
372,98.24,99.74,97.46,97.67,98.33
373,97.03,97.03,95.29,95.73,97.09
374,96.79,97.88,96.75,97.83,97.86
375,98.60,99.77,98.55,99.56,99.34
376,99.73,100.78,99.40,100.72,100.44
377,100.67,101.60,100.63,101.22,100.89
378,100.69,100.83,100.06,100.60,101.00
379,100.13,101.47,99.81,101.43,101.37
380,101.52,101.95,101.25,101.73,102.08
381,102.27,103.36,102.10,103.30,103.03
382,103.65,104.28,103.64,103.89,103.80
383,104.53,104.70,104.28,104.42,104.20
384,104.66,104.72,104.15,104.16,104.40
385,104.86,105.07,104.61,104.87,104.66
386,105.12,105.17,104.47,104.71,104.91
387,104.77,105.59,104.75,105.40,105.15
388,105.03,105.34,104.83,105.02,105.43
389,105.59,106.44,105.45,106.24,105.86
390,106.32,106.52,105.71,106.00,106.14
391,106.07,106.56,105.75,106.44,106.33
392,106.35,106.48,106.09,106.45,106.49
393,106.41,106.95,106.04,106.57,106.76
394,107.47,107.59,106.86,107.31,107.21
395,107.48,107.81,107.14,107.68,107.64
396,107.93,108.21,107.58,107.92,107.96
397,107.99,108.76,107.86,108.49,108.11
398,108.33,108.42,106.97,107.67,107.98
399,107.58,108.03,107.52,108.02,108.08
400,107.98,108.43,107.73,108.33,108.52
401,108.88,109.61,108.76,109.37,109.04
402,109.43,109.45,108.90,109.25,109.30
403,109.33,109.85,109.27,109.50,109.37
404,109.57,109.59,108.93,109.22,109.42
405,109.59,109.92,109.37,109.69,109.61
406,109.50,109.77,109.38,109.76,109.83
407,109.90,110.48,109.87,110.23,109.94
408,110.03,110.03,109.60,109.62,109.83
409,109.65,109.86,109.04,109.82,109.79
410,109.72,110.01,109.53,109.85,109.83
411,109.65,110.06,109.35,109.82,109.86
412,109.66,110.09,109.45,109.90,109.91
413,110.33,110.52,110.05,110.10,109.84
414,110.03,110.17,109.02,109.39,109.54
415,109.11,109.55,108.98,109.21,109.34
416,109.25,110.08,108.71,109.37,109.36
417,109.40,109.81,109.38,109.52,109.37
418,109.34,109.66,108.79,109.16,109.24
419,109.00,109.16,108.59,109.05,109.19
420,109.09,109.46,108.56,109.33,109.38
421,109.88,110.10,109.28,109.69,109.77
422,109.88,110.37,109.63,110.37,110.16
423,110.47,110.62,110.02,110.44,110.11
424,110.11,110.14,109.50,109.79,109.27
425,108.87,109.12,107.01,107.03,108.32
426,106.43,109.10,106.42,108.95,108.28
427,108.41,108.72,107.45,107.97,108.38
428,108.09,109.08,108.06,108.49,108.85
429,108.52,110.34,108.51,110.17,109.65
430,110.06,110.23,109.58,110.12,109.95
431,110.40,110.74,109.43,109.64,109.88
432,110.04,110.30,109.66,109.85,110.15
433,110.32,111.09,109.67,110.93,110.84
434,111.58,111.94,111.47,111.81,111.29
435,111.73,111.73,110.94,111.10,111.05
436,110.47,110.60,110.01,110.17,110.76
437,110.09,111.31,109.99,111.26,111.02
438,111.40,111.51,110.87,111.45,111.16
439,111.26,111.47,110.16,110.64,111.08
440,110.93,111.79,110.82,111.47,111.22
441,111.32,111.45,110.87,111.31,111.29
442,111.63,111.88,110.71,111.14,111.30
443,111.47,111.89,111.42,111.53,111.40
444,111.39,111.71,110.93,111.47,111.43
445,111.58,111.74,110.69,111.23,111.43
446,111.80,112.18,111.76,111.94,111.30
447,111.84,111.86,109.85,110.34,110.71
448,110.44,110.62,109.91,110.25,110.23
449,109.49,110.15,108.86,109.85,109.99
450,110.39,110.84,109.92,109.98,109.92
451,109.89,110.13,109.54,109.68,110.03
452,110.99,111.17,110.60,110.66,110.39
453,110.57,110.81,110.45,110.65,110.59
454,110.54,110.76,109.88,110.52,110.72
455,110.60,111.00,110.23,110.93,111.18
456,111.64,112.34,111.62,112.26,111.75
457,112.33,112.35,111.74,111.91,111.72
458,111.18,111.76,110.82,111.15,111.20
459,111.62,111.72,110.48,110.64,110.61
460,110.32,110.89,109.61,109.94,110.10
461,110.35,110.35,109.78,109.84,109.63
462,110.03,110.05,108.07,109.02,108.96
463,108.94,109.19,107.87,108.14,108.11
464,107.96,108.32,106.96,107.08,107.41
465,106.82,107.54,106.52,106.70,107.59
466,108.43,109.35,108.25,109.24,108.77
467,109.13,110.45,108.87,109.95,109.73
468,108.67,110.64,108.54,110.46,109.79
469,111.00,111.15,107.22,108.68,109.12
470,108.21,108.96,107.82,108.72,108.53
471,108.75,108.86,107.06,107.62,108.37
472,108.44,109.49,108.28,109.12,108.96
473,108.60,109.84,108.60,109.77,109.74
474,109.71,110.58,109.48,110.56,110.24
475,110.69,110.88,110.05,110.15,110.56
476,110.42,111.40,110.39,111.30,111.07
477,111.74,111.91,111.36,111.63,111.38
478,111.27,111.39,110.69,111.18,111.38
479,111.31,111.59,111.18,111.54,111.40
480,111.40,111.80,111.17,111.29,111.40
481,111.39,112.21,111.07,111.67,111.12
482,111.81,111.85,110.28,110.32,110.16
483,110.28,110.29,108.25,108.41,109.09
484,108.48,109.06,108.18,108.63,108.90
485,109.19,109.91,108.69,109.47,109.36
486,109.78,109.92,109.28,109.74,110.03
487,109.51,111.27,109.18,111.13,110.82
488,111.17,111.61,110.96,111.32,111.44
489,111.74,112.23,111.73,112.20,111.86
490,111.70,111.92,111.23,111.69,112.18
491,112.03,113.71,112.03,113.10,112.67
492,113.24,113.61,112.54,112.86,112.91
493,113.01,113.71,112.74,113.04,112.90
494,113.32,113.55,112.40,112.62,112.88
495,112.74,113.78,112.58,113.08,113.09
496,113.44,113.72,113.31,113.52,113.34
497,113.56,113.64,113.18,113.43,113.35
498,113.44,113.47,112.67,113.11,113.25
499,112.92,113.24,112.82,113.19,113.31
500,113.43,114.43,113.39,113.77,113.35
501,114.02,114.12,112.81,112.89,113.02
502,112.86,113.12,112.37,112.73,112.52
503,112.94,112.95,111.25,111.57,112.20
504,112.31,112.99,111.95,112.57,112.53
505,112.69,113.39,112.68,113.18,113.19
506,113.09,113.89,113.09,113.82,113.91
507,113.94,115.12,113.65,114.82,114.63
508,114.91,115.40,114.84,115.19,115.13
509,115.24,115.80,114.98,115.45,115.44
510,115.50,115.76,114.90,115.76,115.63
511,115.34,115.66,114.51,115.58,115.71
512,115.64,116.17,115.64,115.98,115.78
513,115.67,115.85,115.29,115.63,115.77
514,115.80,115.98,115.50,115.86,115.80
515,116.03,116.44,115.56,115.81,115.89
516,116.31,116.61,115.75,116.06,116.05
517,115.98,116.32,115.42,116.16,116.38
518,116.38,117.11,116.18,116.94,117.05
519,117.67,118.14,117.57,118.11,117.80
520,118.27,118.48,118.03,118.24,118.18
521,118.49,118.58,118.08,118.46,118.13
522,118.07,118.07,116.89,117.54,117.75
523,117.12,117.33,116.63,117.30,117.63
524,118.13,118.35,117.58,118.11,117.88
525,117.91,118.37,117.58,118.01,118.11
526,118.13,118.47,118.02,118.35,118.31
527,118.15,118.51,118.04,118.49,118.57
528,118.73,119.17,118.62,118.92,118.87
529,118.76,119.29,118.54,119.12,119.19
530,119.24,119.82,119.18,119.55,119.56
531,119.82,120.12,119.61,119.95,120.03
532,120.32,120.78,120.27,120.63,120.56
533,120.67,121.04,120.29,121.03,121.09
534,120.95,121.81,120.88,121.75,121.54
535,121.82,122.07,121.40,121.71,121.86
536,121.53,122.25,121.51,122.24,122.26
537,122.47,122.92,122.41,122.84,122.65
538,122.73,122.97,122.52,122.89,122.73
539,123.08,123.08,121.94,122.43,122.62
540,121.87,122.66,121.83,122.66,122.64
541,122.44,122.82,122.23,122.81,122.71
542,122.78,122.84,122.10,122.44,122.88
543,123.22,124.00,122.98,123.77,123.25
544,123.75,123.76,123.00,123.15,123.32
545,123.07,123.42,122.74,123.38,123.25
546,122.97,123.31,122.61,123.10,123.12
547,122.86,123.43,122.68,122.90,123.03
548,122.97,123.50,122.85,123.11,123.11
549,123.08,123.38,122.55,123.21,123.33
550,123.77,123.92,123.19,123.73,123.62
551,123.68,123.96,123.61,123.93,123.80
552,123.65,123.70,123.13,123.63,123.92
553,123.89,124.69,123.49,124.39,124.17
554,124.63,124.63,124.03,124.31,124.29
555,124.46,124.60,124.20,124.27,124.24
556,124.23,124.66,124.05,124.38,123.86
557,124.85,124.96,122.42,122.49,123.23
558,122.53,123.44,122.37,123.32,123.09
559,123.16,123.50,122.80,123.01,123.15
560,123.41,123.89,122.79,123.27,123.29
561,122.39,123.68,122.11,123.46,123.63
562,123.46,124.59,123.19,124.22,124.17
563,124.30,124.84,124.17,124.80,124.66
564,124.75,125.13,124.63,125.00,124.89
565,124.82,125.26,124.68,124.92,124.92
566,125.02,125.32,124.14,124.84,124.90
567,124.48,125.06,124.44,125.04,124.85
568,125.22,125.95,124.30,124.53,124.68
569,124.65,124.93,124.28,124.60,124.58
570,124.56,124.91,124.09,124.53,124.54
571,124.65,125.10,124.24,124.58,124.40
572,124.46,124.65,123.14,124.04,124.03
573,124.02,124.12,123.41,123.54,123.60
574,123.37,124.10,123.03,123.05,123.48
575,123.40,124.09,123.35,124.07,123.76
576,123.65,124.24,123.57,123.88,123.99
577,124.42,124.83,123.91,124.08,124.32
578,124.58,125.39,124.39,125.11,124.87
579,125.23,125.28,124.77,125.09,125.51
580,126.47,126.72,126.26,126.60,126.42
581,127.01,127.74,126.90,127.51,127.18
582,127.56,127.87,127.26,127.33,127.57
583,127.64,128.10,127.57,128.10,128.00
584,128.61,128.65,128.12,128.32,128.56
585,128.75,129.63,128.69,129.47,129.18
586,129.63,129.74,129.30,129.68,129.46
587,129.39,129.44,128.92,129.27,129.40
588,129.25,129.68,128.86,129.31,129.46
589,129.65,129.79,129.16,129.79,129.75
590,129.85,130.07,129.59,130.07,130.10
591,130.27,130.81,130.15,130.52,130.40
592,130.60,130.65,130.14,130.60,130.54
593,130.24,130.53,129.63,130.49,130.62
594,130.55,130.81,130.44,130.79,130.84
595,130.84,131.28,130.72,131.20,131.10
596,131.54,131.77,131.16,131.75,130.69
597,130.70,130.95,128.38,128.40,129.65
598,128.35,129.96,128.21,129.52,129.54
599,129.99,130.62,129.90,130.07,130.19
600,130.36,131.23,130.31,131.16,130.90
601,131.55,131.56,130.96,131.30,131.43
602,131.69,131.97,131.32,131.90,132.05
603,132.40,133.36,132.12,133.02,132.76
604,133.05,133.32,132.87,133.26,133.18
605,133.19,133.53,133.11,133.37,133.34
606,133.84,133.84,132.65,133.32,133.54
607,133.60,133.90,133.03,133.84,134.12
608,134.32,135.40,134.10,135.37,134.90
609,135.36,135.58,135.16,135.34,135.16
610,135.18,135.63,134.61,134.81,135.10
611,135.18,135.45,134.56,135.34,135.11
612,135.64,135.69,134.74,135.48,134.45
613,135.64,135.79,130.32,132.09,132.87
614,130.97,131.62,129.72,131.38,131.98
615,132.12,132.64,131.43,132.45,132.00
616,132.99,132.99,130.81,131.87,131.81
617,130.54,131.43,129.74,131.29,131.40
618,131.22,131.31,130.24,130.72,131.47
619,131.99,133.03,131.79,132.90,132.08
620,132.77,132.94,131.81,131.86,132.43
621,132.16,133.23,132.08,133.17,132.85
622,133.38,133.62,132.79,133.13,133.20
623,132.98,133.81,132.61,133.64,133.23
624,134.41,134.63,132.72,133.02,132.57
625,132.51,132.68,130.59,130.60,131.73
626,131.09,132.60,130.33,132.49,131.42
627,131.94,131.94,128.92,130.19,130.72
628,130.56,131.21,129.81,130.24,129.97
629,130.83,130.98,128.78,128.86,129.56
630,129.27,130.48,128.83,130.13,129.56
631,129.14,129.69,128.49,128.96,129.66
632,129.39,130.70,129.38,130.35,130.26
633,130.43,131.51,130.10,131.20,131.07
634,131.01,131.73,130.52,131.57,131.88
635,132.69,133.28,132.43,133.13,132.80
636,133.29,133.75,133.03,133.42,133.58
637,134.02,134.64,133.59,134.47,134.22
638,134.62,135.01,134.28,134.54,134.76
639,134.44,135.47,134.02,135.44,135.41
640,135.84,136.43,135.78,136.23,136.03
641,136.58,136.67,135.80,136.41,136.34
642,135.91,136.36,135.64,136.36,136.52
643,136.34,137.08,136.18,136.98,136.73
644,136.53,136.95,136.26,136.63,136.79
645,136.97,137.15,136.75,137.08,136.72
646,137.97,138.11,134.64,136.22,136.38
647,135.40,136.33,135.18,136.10,136.02
648,136.49,136.66,135.23,135.52,135.79
649,135.99,136.03,135.42,135.84,135.85
650,136.72,136.74,134.94,136.21,135.95
651,136.34,136.41,135.43,135.68,135.91
652,135.98,136.22,135.36,135.92,136.10
653,136.17,136.78,135.98,136.78,136.46
654,136.52,137.64,136.16,136.55,136.41
655,135.42,136.43,135.11,136.37,135.65
656,135.59,135.69,133.31,133.44,134.61
657,133.62,134.75,133.32,134.46,134.77
658,135.52,136.39,135.49,136.19,135.70
659,136.53,136.54,135.91,136.28,136.14
660,136.62,137.16,136.06,136.52,135.66
661,135.99,136.20,133.73,133.73,134.46
662,133.80,134.55,133.08,133.63,133.80
663,133.62,133.91,132.64,133.46,134.06
664,134.18,135.64,134.13,135.50,134.79
665,134.81,135.32,134.72,135.01,134.95
666,135.32,135.47,133.86,134.62,134.68
667,135.14,135.48,134.15,134.33,134.57
668,134.74,135.06,134.31,134.75,134.86
669,133.59,135.50,133.47,135.28,135.61
670,135.39,137.09,135.31,136.87,136.80
671,137.25,138.34,137.18,138.33,137.76
672,138.51,138.70,137.78,138.15,137.81
673,137.74,138.03,135.87,136.91,137.38
674,137.25,137.63,136.33,137.32,137.30
675,137.58,137.99,137.14,137.64,137.27
676,137.46,137.53,136.31,136.45,137.22
677,137.52,138.26,137.48,138.02,137.73
678,138.41,138.53,137.70,138.35,138.22
679,138.12,138.56,137.89,138.54,138.27
680,138.00,138.42,137.64,137.73,138.07
681,137.70,138.70,137.47,138.20,138.06
682,138.36,138.80,137.60,138.02,138.10
683,138.27,138.46,137.79,138.26,138.05
684,138.21,138.36,136.77,137.83,137.70
685,137.74,137.75,136.50,136.99,137.15
686,136.55,137.05,136.41,136.85,136.54
687,136.31,136.39,134.75,135.41,135.97
688,136.10,136.36,135.29,135.76,136.06
689,136.48,137.50,136.14,136.99,136.66
690,136.66,137.08,136.34,136.94,137.18
691,137.21,138.03,136.85,137.93,137.70
692,138.13,138.61,137.43,138.05,138.07
693,138.23,138.50,137.93,138.34,138.35
694,138.08,138.77,137.94,138.48,138.81
695,138.98,139.91,138.84,139.83,139.50
696,139.36,140.02,139.36,140.02,139.87
697,140.20,140.35,139.68,139.86,139.94
698,140.33,140.48,139.35,139.96,140.05
699,139.90,140.41,139.72,140.38,140.21
700,140.17,140.68,139.98,140.13,140.35
701,140.69,140.83,140.13,140.67,140.67
702,141.02,141.19,140.71,141.15,141.04
703,141.10,141.35,140.88,141.33,141.19
704,141.47,141.49,140.95,141.16,141.07
705,140.33,140.66,139.65,140.64,140.86
706,141.21,141.33,140.85,141.02,140.68
707,141.31,141.32,139.90,140.10,140.38
708,140.37,140.63,139.81,140.33,140.15
709,140.06,140.51,138.76,139.80,139.98
710,139.72,140.07,139.32,139.36,140.65
711,141.70,143.68,141.48,143.42,142.42
712,143.31,144.32,143.18,143.74,143.64
713,144.20,144.49,143.79,144.28,144.09
714,144.86,144.92,143.66,144.23,144.20
715,144.07,144.13,142.97,143.96,144.44
716,144.48,145.36,143.99,145.34,145.11
717,145.23,145.89,145.18,145.83,145.69
718,145.72,146.11,145.41,145.92,146.01
719,145.84,146.54,145.67,146.51,146.13
720,145.30,145.81,144.24,145.74,145.93
721,145.40,145.84,145.14,145.73,145.79
722,145.18,146.10,145.18,145.91,145.69
723,145.40,145.56,144.68,145.38,145.40
724,144.75,145.09,143.93,144.70,145.40
725,145.43,146.88,145.40,146.54,145.90
726,146.58,146.69,145.84,145.99,146.10
727,146.09,146.22,145.66,145.87,146.37
728,146.56,147.52,146.50,147.46,147.09
729,147.59,147.78,147.30,147.64,147.67
730,147.79,148.22,147.70,148.18,148.01
731,148.13,148.46,147.77,148.11,148.11
732,148.44,148.58,147.65,148.49,147.71
733,148.32,148.36,145.20,145.90,146.92
734,146.52,147.41,146.18,147.12,146.64
735,146.22,147.21,144.38,146.50,146.16
736,147.42,147.58,144.67,144.81,145.36
737,144.78,146.56,144.23,144.91,145.15
738,144.36,145.79,144.19,145.56,145.54
739,145.55,146.47,145.40,146.05,146.11
740,147.12,147.48,146.47,146.70,146.81
741,146.76,147.88,146.75,147.84,147.45
742,147.77,148.07,147.32,147.64,147.72
743,148.23,148.40,147.70,147.92,147.89
744,148.18,148.56,147.66,147.82,148.35
745,148.40,149.66,148.15,149.50,149.34
746,150.48,150.87,150.21,150.75,150.08
747,150.46,150.62,149.44,149.85,150.01
748,150.38,150.41,149.10,149.69,149.77
749,149.90,150.38,149.54,149.71,149.64
750,149.48,149.60,149.14,149.54,149.36
751,148.71,148.92,148.19,148.73,148.98
752,148.74,149.15,148.61,148.75,148.80
753,149.23,149.26,148.75,148.93,148.73
754,149.07,149.09,147.95,148.01,149.04
755,148.77,150.64,148.40,150.60,150.34
756,150.75,152.20,150.72,152.07,151.70
757,152.59,152.79,152.12,152.34,152.65
758,153.06,153.97,152.77,153.87,153.59
759,153.87,154.54,153.81,154.46,154.23
760,154.77,154.93,154.01,154.47,154.39
761,153.79,154.14,153.10,154.11,154.55
762,154.38,155.18,154.14,155.17,155.19
763,155.03,156.47,154.83,156.31,155.89
764,157.34,158.14,155.40,155.86,156.41
765,156.60,157.78,155.84,157.54,157.12
766,157.29,157.93,156.93,157.57,157.70
767,158.04,158.32,157.31,158.06,158.44
768,158.01,159.76,157.83,159.76,159.59
769,160.25,161.22,160.17,161.08,160.35
770,161.42,161.77,159.11,160.03,160.35
771,161.13,161.19,159.46,159.97,160.68
772,160.87,162.45,160.56,162.43,161.48
773,162.08,162.41,161.30,161.64,161.41
774,160.16,160.99,159.47,160.31,160.83
775,161.21,161.53,159.97,160.97,160.32
776,159.74,161.29,159.09,159.60,158.84
777,158.98,159.36,156.29,156.42,155.80
778,154.96,157.50,150.14,150.25,153.12
779,148.06,154.43,147.38,154.24,152.57
780,153.74,155.41,152.23,152.24,150.97
781,152.63,152.80,145.82,145.82,148.48
782,147.88,149.42,142.66,148.33,148.66
783,149.85,151.99,148.68,150.97,150.48
784,150.10,152.05,149.87,151.75,152.32
785,150.85,154.82,150.14,154.59,154.53
786,155.97,157.46,154.36,157.46,156.36
787,156.94,158.46,156.49,156.75,156.90
788,156.20,158.39,156.14,157.07,156.88
789,157.84,159.38,156.53,156.62,156.86
790,157.31,158.14,156.20,156.60,157.60
791,157.87,159.80,157.22,159.80,159.42
792,160.56,161.92,160.42,161.92,160.60
793,161.97,162.24,159.84,159.92,160.00
794,160.83,161.35,158.79,158.89,158.59
795,158.98,159.71,154.89,156.30,157.53
796,154.42,158.01,153.90,157.73,157.95
797,156.99,159.89,156.40,159.48,159.15
798,160.26,160.70,159.15,160.16,160.04
799,158.93,160.66,158.65,160.53,160.76
800,161.19,161.52,160.54,161.41,162.05
801,162.56,164.55,162.32,164.55,163.79
802,165.03,165.80,164.66,165.42,164.42
803,165.80,166.49,162.75,163.17,163.74
804,164.02,164.15,162.43,163.14,163.17
805,163.25,163.95,162.40,163.00,162.77
806,163.27,163.63,162.44,162.51,161.71
807,160.95,161.06,157.66,159.04,160.14
808,159.11,159.94,158.58,159.57,159.21
809,159.15,160.62,158.18,158.87,157.81
810,156.68,157.78,154.75,154.95,155.14
811,154.77,155.43,150.79,150.87,153.52
812,153.92,156.66,151.49,156.47,153.61
813,157.64,157.64,150.08,151.41,152.22
814,150.54,152.08,148.52,149.67,150.94
815,150.48,153.91,149.08,152.41,150.57
816,151.33,152.04,146.46,148.01,149.69
817,149.31,150.31,147.00,149.68,150.07
818,146.79,152.51,146.61,152.04,151.42
819,153.55,153.79,151.79,152.91,151.55
820,151.22,152.72,148.37,149.08,150.53
821,150.36,153.12,149.87,150.13,150.87
822,152.49,153.93,151.40,153.44,152.31
823,152.48,154.19,152.38,152.55,153.15
824,153.48,154.92,153.39,154.39,153.74
825,155.16,155.39,152.93,153.59,154.20
826,154.67,155.32,153.70,154.76,155.40
827,156.32,158.44,156.01,158.09,157.15
828,158.09,158.95,157.34,158.42,157.69
829,157.62,157.99,156.42,156.96,156.63
830,156.56,156.68,153.93,154.48,154.99
831,155.23,155.84,153.26,154.09,153.40
832,154.82,155.06,149.80,150.82,151.92
833,151.09,151.63,148.93,151.00,151.97
834,152.95,154.69,152.46,154.18,153.28
835,156.45,156.48,153.40,154.28,153.89
836,154.64,155.60,152.80,153.18,153.93
837,152.78,154.95,152.42,154.93,154.24
838,155.20,155.69,153.84,154.02,154.32
839,153.24,154.57,151.54,154.00,154.90
840,153.33,157.28,153.22,156.92,156.47
841,157.66,158.74,157.53,158.23,157.77
842,157.89,158.41,156.91,158.06,158.60
843,158.35,159.90,157.79,159.79,159.77
844,160.30,161.56,160.18,161.44,160.88
845,161.25,161.67,160.59,161.29,161.27
846,161.66,162.59,161.30,161.57,161.04
847,160.29,160.38,158.93,159.78,160.53
848,159.99,161.21,159.91,160.83,160.41
849,160.27,161.43,159.44,160.22,160.15
850,159.60,160.15,159.15,159.39,159.88
851,160.62,161.33,159.60,160.28,160.06
852,161.01,161.28,159.79,160.07,160.47
853,158.85,161.44,158.84,161.42,161.05
854,161.38,161.66,159.75,161.38,161.36
855,161.36,162.12,161.05,161.54,161.34
856,160.81,161.73,159.86,160.82,161.34
857,161.41,162.26,161.06,161.98,161.76
858,161.98,162.95,161.45,161.87,162.62
859,162.68,164.51,162.63,164.41,164.14
860,164.83,165.94,164.73,165.90,165.56
861,166.29,166.69,165.68,166.41,166.42
862,166.58,167.41,165.75,167.38,166.71
863,167.41,167.45,165.18,166.02,166.38
864,165.24,166.45,164.83,166.03,166.24
865,165.91,166.89,165.88,166.48,166.60
866,166.71,167.52,166.53,167.35,167.16
867,167.61,168.60,166.97,167.34,167.76
868,168.12,169.31,167.99,169.04,168.40
869,168.40,168.78,167.62,168.45,168.50
870,167.39,168.49,166.86,168.35,168.31
871,166.22,167.91,165.69,167.87,168.29
872,168.65,169.76,168.49,169.07,168.32
873,169.50,169.67,167.27,167.60,167.71
874,168.16,168.23,166.62,167.23,166.36
875,165.71,165.96,161.97,163.46,164.62
876,164.06,165.07,163.46,164.13,163.52
877,164.82,165.57,161.78,161.89,162.90
878,161.69,163.84,161.36,163.29,163.15
879,164.07,164.94,163.49,163.72,163.79
880,162.19,164.87,161.84,164.82,164.05
881,165.44,165.44,162.75,162.91,164.07
882,163.97,165.07,163.13,164.94,165.22
883,165.32,167.63,165.01,167.50,167.13
884,168.37,169.05,167.70,169.01,168.49
885,169.32,169.51,168.55,169.13,168.91
886,167.81,168.90,167.68,168.28,169.32
887,169.02,171.17,168.90,171.17,170.43
888,171.16,171.59,170.69,171.32,171.09
889,171.36,171.64,170.62,170.91,171.29
890,169.09,172.31,169.09,171.95,171.55
891,171.97,172.11,171.10,171.62,171.43
892,171.00,171.57,170.56,170.76,171.03
893,171.28,171.85,170.53,170.73,170.95
894,170.22,171.35,169.53,171.27,171.41
895,173.03,173.65,171.27,171.98,172.32
896,172.05,174.48,171.97,174.38,172.85
897,172.01,172.57,171.51,171.74,171.64
898,172.82,172.94,168.45,169.42,169.55
899,169.43,169.52,166.22,167.03,168.17
900,167.68,168.95,166.75,168.30,168.31
901,168.69,169.45,167.97,168.94,169.38
902,167.75,171.44,167.67,171.24,170.76
903,171.56,171.78,170.81,171.77,171.83
904,171.65,172.82,171.44,172.78,172.65
905,173.26,173.73,172.89,173.41,173.24
906,173.17,173.93,172.70,173.62,173.45
907,173.51,174.20,173.25,173.51,173.16
908,172.34,172.85,171.54,172.19,172.54
909,172.50,173.61,171.92,172.00,172.32
910,172.65,173.27,171.73,173.07,172.22
911,171.70,172.24,169.90,170.96,171.66
912,172.27,172.63,171.18,171.52,171.45
913,171.07,171.99,170.04,171.56,171.51
914,171.94,172.00,170.74,171.40,171.64
915,171.92,173.06,171.81,172.03,172.04
916,171.67,172.90,171.45,172.70,172.49
917,172.40,173.65,172.17,172.45,173.01
918,173.03,174.20,172.99,174.06,174.12
919,174.93,175.83,174.66,175.83,175.42
920,176.30,176.48,175.72,176.09,176.50
921,176.39,178.21,176.32,178.12,177.46
922,177.78,178.86,177.21,177.80,177.84
923,177.58,178.54,177.39,178.03,177.67
924,177.49,177.79,176.32,177.27,176.77
925,176.96,176.98,174.38,174.98,175.19
926,175.06,175.27,172.24,173.42,173.78
927,172.17,174.24,172.11,172.75,173.21
928,173.74,173.84,172.39,173.33,173.55
929,172.63,174.95,172.19,174.66,174.20
930,174.41,174.53,172.65,174.15,174.73
931,175.24,176.34,175.16,176.01,175.27
932,176.13,176.41,174.80,175.50,174.92
933,175.20,175.32,172.81,172.97,174.08
934,173.11,175.25,173.03,174.40,174.14
935,174.43,174.84,173.13,174.26,174.75
936,175.47,176.43,175.05,176.19,175.41
937,176.67,176.92,175.01,175.23,175.57
938,173.96,175.78,173.24,175.72,175.69
939,175.64,176.09,175.04,175.95,175.96
940,176.11,177.72,175.74,176.08,176.45
941,176.79,178.20,176.70,177.57,177.15
942,177.07,178.00,176.75,177.53,177.57
943,178.56,179.19,177.44,177.89,177.68
944,177.74,178.86,177.08,177.49,177.51
945,178.24,178.66,177.41,177.68,176.61
946,176.97,177.08,173.01,174.27,174.58
947,174.25,174.84,170.50,172.14,172.58
948,171.54,172.61,169.06,171.09,171.33
949,171.22,172.97,170.80,171.65,169.36
950,170.57,170.68,163.88,164.10,165.78
951,163.42,165.69,160.35,162.06,164.11
952,166.43,167.09,163.33,166.57,165.04
953,165.99,166.30,163.93,164.56,166.27
954,166.28,169.75,165.98,169.34,167.95
955,170.16,170.34,167.67,169.41,168.11
956,168.77,168.83,164.77,165.48,166.55
957,166.82,168.24,164.73,165.33,165.73
958,166.32,167.46,164.92,166.18,165.50
959,163.06,166.39,161.31,165.57,163.80
960,165.38,165.65,157.70,157.99,161.47
961,160.45,164.43,159.73,163.46,160.94
962,157.86,162.41,156.93,159.25,159.42
963,161.69,162.31,152.97,155.97,157.91
964,155.51,158.66,154.81,158.54,159.08
965,161.12,163.64,161.05,162.27,161.63
966,162.51,164.58,161.28,164.41,162.94
967,163.91,164.88,160.74,161.85,162.42
968,162.06,162.12,159.65,161.45,162.20
969,161.46,163.58,161.22,162.67,163.73
970,164.62,167.78,164.23,167.78,165.89
971,166.99,167.51,165.91,166.71,165.82
972,165.15,165.55,162.60,163.90,163.33
973,162.75,163.06,158.79,158.94,160.42
974,159.68,161.95,158.62,159.07,159.00
975,160.65,161.20,156.95,157.86,158.93
976,157.57,161.05,156.19,160.62,159.53
977,159.05,160.83,158.41,160.05,158.55
978,159.29,159.48,154.36,154.86,155.59
979,151.33,154.21,150.15,152.09,153.35
980,154.18,154.77,152.15,153.24,152.87
981,152.02,153.69,152.02,152.13,153.41
982,154.26,155.72,153.61,155.65,155.05
983,154.80,156.57,154.01,156.18,157.27
984,157.30,161.20,156.20,161.20,159.68
985,160.52,161.74,159.40,160.68,161.05
986,160.90,161.94,160.09,161.84,162.07
987,165.41,165.61,161.97,164.67,162.11
988,163.81,164.27,158.16,158.35,160.11
989,155.16,159.49,154.58,159.47,158.00
990,158.77,159.69,153.71,154.21,156.11
991,153.92,156.50,152.32,155.82,155.77
992,158.36,158.40,155.02,156.34,156.52
993,158.62,160.15,157.63,157.71,157.16
994,158.75,159.40,156.74,157.76,156.49
995,155.96,156.53,153.56,153.92,154.04
996,153.26,154.48,149.23,150.43,151.67
997,151.60,152.84,150.06,151.38,150.13
998,151.15,153.57,146.52,147.66,147.89
999,147.30,148.94,143.71,145.52,144.88
1000,146.25,147.24,140.20,141.01,141.72
1001,139.99,141.81,137.47,137.51,141.08
1002,139.03,146.18,138.08,146.10,144.01
1003,144.10,146.79,140.94,146.66,146.20
1004,147.72,149.10,145.39,146.59,146.93
1005,148.03,148.51,146.34,147.82,147.47
1006,144.69,149.25,144.59,148.42,147.10
1007,146.23,146.87,143.25,143.57,146.68
1008,145.98,150.45,145.41,149.71,148.74
1009,150.09,152.23,149.60,151.50,151.20
1010,152.88,153.43,150.64,152.87,152.77
1011,153.46,154.78,152.82,154.11,153.81
1012,152.94,154.64,152.08,154.55,154.17
1013,153.64,154.15,153.12,153.99,153.86
1014,152.68,153.29,151.97,152.62,153.86
1015,153.32,155.82,153.24,155.61,154.87
1016,155.86,156.95,155.52,155.58,155.87
1017,155.08,157.50,154.83,156.80,156.77
1018,157.91,159.09,156.99,158.36,157.00
1019,157.22,157.29,154.05,155.18,156.10
1020,155.98,156.69,153.63,155.38,155.80
1021,155.89,156.62,155.30,156.39,156.55
1022,157.65,158.74,157.11,158.26,157.10
1023,156.22,156.31,155.00,156.31,156.52
1024,156.39,156.43,154.27,154.83,156.50
1025,156.58,159.34,156.09,158.77,158.37
1026,159.75,161.94,159.53,161.14,160.22
1027,160.35,161.57,160.02,160.46,161.16
1028,160.49,162.46,160.35,162.46,162.30
1029,162.68,164.09,162.61,163.90,163.20
1030,163.93,164.22,162.67,163.41,162.88
1031,161.98,162.38,159.99,161.21,161.93
1032,159.80,161.56,159.62,161.53,161.58
1033,162.11,162.50,160.97,161.37,162.08
1034,162.55,164.00,162.27,163.76,163.14
1035,164.49,164.98,163.69,163.88,163.83
1036,163.29,164.66,162.75,164.08,164.22
1037,165.32,165.36,164.00,164.77,164.66
1038,164.26,165.59,164.23,165.09,164.95
1039,165.21,165.86,164.17,165.06,164.94
1040,164.62,165.07,163.59,164.46,164.99
1041,164.81,165.79,164.73,165.68,165.54
1042,166.94,167.37,166.17,166.28,166.11
1043,165.88,166.98,165.60,166.45,166.34
1044,165.69,166.55,164.59,166.35,166.31
1045,165.83,166.56,165.50,165.97,166.40
1046,167.16,167.36,165.96,167.12,166.82
1047,168.22,168.46,165.28,167.14,167.08
1048,167.27,167.78,166.44,167.27,166.89
1049,167.43,167.46,166.05,166.32,166.01
1050,165.90,165.96,163.66,164.28,164.95
1051,162.44,164.12,162.28,164.03,165.17
1052,164.71,167.56,164.68,167.44,166.81
1053,167.88,168.79,167.48,168.36,168.31
1054,169.23,170.51,168.99,169.62,169.21
1055,169.74,169.94,169.29,169.34,169.82
1056,170.00,171.42,169.88,170.91,170.62
1057,170.84,171.84,170.49,171.32,171.33
1058,172.02,172.80,171.16,171.89,172.00
1059,171.90,173.63,171.12,172.57,172.96
1060,172.06,175.52,172.04,175.27,173.41
1061,174.51,174.98,171.24,171.42,172.33
1062,170.80,171.69,169.86,171.10,171.51
1063,172.42,173.47,171.02,171.89,171.40
1064,172.15,172.54,169.54,170.79,171.23
1065,171.23,171.82,170.16,171.18,171.57
1066,172.51,172.64,171.45,172.48,172.77
1067,174.25,174.97,173.54,174.76,174.30
1068,174.96,175.60,174.51,175.43,175.43
1069,176.41,177.53,175.89,176.43,176.14
1070,176.48,177.12,175.35,176.37,176.61
1071,176.88,177.38,176.66,177.28,177.13
1072,176.99,177.87,176.29,177.73,177.43
1073,177.12,177.71,176.73,177.10,177.51
1074,177.34,178.11,177.14,178.06,177.73
1075,178.35,178.35,177.31,177.63,177.93
1076,178.42,178.52,177.66,178.40,178.24
1077,178.41,178.63,177.24,178.43,178.59
1078,179.08,179.44,178.50,179.04,179.06
1079,180.25,180.42,179.14,179.67,179.56
1080,179.97,180.28,178.84,179.90,180.04
1081,179.11,180.47,178.98,180.41,180.87
1082,180.87,182.92,180.61,182.70,181.91
1083,182.86,183.09,182.07,182.13,182.41
1084,183.49,183.58,181.88,182.87,182.74
1085,182.58,183.07,181.05,183.03,183.00
1086,183.03,183.67,182.73,183.38,182.86
1087,181.91,182.26,180.69,181.96,182.16
1088,183.15,183.67,181.25,181.38,181.49
1089,181.32,182.26,179.40,180.59,181.59
1090,182.09,183.60,181.76,183.47,182.25
1091,179.57,182.60,179.29,182.35,181.54
1092,180.36,181.13,177.13,178.79,179.66
1093,178.21,179.69,177.57,178.34,178.34
1094,176.36,178.00,174.81,177.38,177.50
1095,176.75,178.46,173.79,177.60,175.94
1096,173.08,174.01,170.94,171.44,173.77
1097,172.34,174.37,171.71,173.32,173.79
1098,172.18,176.21,172.14,175.77,175.44
1099,175.85,178.63,175.64,177.54,176.33
1100,175.78,178.16,175.57,175.72,175.40
1101,173.28,173.94,172.17,172.76,174.12
1102,174.24,175.04,173.69,174.56,173.86
1103,173.59,174.79,173.52,173.78,173.19
1104,171.79,171.86,170.06,171.12,171.84
1105,172.05,172.66,170.83,171.04,170.93
1106,171.52,172.48,170.38,170.40,170.21
1107,169.34,169.92,168.09,168.99,169.49
1108,169.44,170.18,168.74,169.70,168.67
1109,167.71,168.28,166.92,167.00,166.88
1110,166.54,167.00,162.50,163.32,165.78
1111,165.15,167.98,164.52,167.92,167.19
1112,169.52,169.55,167.41,169.17,169.15
1113,169.45,170.92,168.71,170.51,171.08
1114,171.42,174.50,171.20,173.80,173.40
1115,174.96,177.46,174.93,175.83,175.16
1116,177.66,177.99,175.47,176.07,175.67
1117,175.59,175.95,174.72,175.05,175.58
1118,175.78,176.52,175.44,176.09,175.68
1119,175.19,175.79,174.67,175.34,175.90
1120,175.72,176.88,175.53,176.40,176.87
1121,178.48,180.22,178.02,178.96,178.46
1122,179.20,180.03,178.15,179.63,179.80
1123,182.14,182.17,179.68,181.30,180.72
1124,181.09,182.18,180.65,181.03,180.92
1125,181.39,181.58,180.94,181.04,180.21
1126,180.91,181.02,177.66,177.93,179.05
1127,179.11,180.24,178.47,178.76,178.85
1128,179.40,179.86,178.95,179.44,179.38
1129,179.87,180.07,179.03,179.67,180.28
1130,183.12,183.36,181.25,182.10,181.66
1131,182.04,182.84,181.52,182.82,182.89
1132,183.28,184.19,183.09,184.19,183.62
1133,182.93,184.16,182.22,183.82,183.55
1134,182.62,182.68,181.78,182.53,183.23
1135,181.66,183.67,181.51,183.44,183.75
1136,184.56,185.78,184.22,185.27,184.73
1137,185.55,186.02,184.55,185.14,185.42
1138,185.34,186.21,185.16,186.20,186.04
1139,186.64,186.84,186.12,186.80,186.29
1140,186.57,186.74,185.27,185.84,185.83
1141,185.84,186.17,184.91,184.93,185.22
1142,184.05,185.49,183.47,185.14,184.80
1143,186.41,186.49,183.59,183.78,184.61
1144,184.19,185.64,184.19,185.24,185.27
1145,186.25,186.47,185.01,186.45,186.36
1146,185.74,187.77,185.72,187.76,186.93
1147,187.13,187.16,185.63,185.98,186.93
1148,187.17,188.15,187.07,187.90,187.22
1149,187.72,187.79,186.07,187.25,187.03
1150,185.82,187.18,185.69,186.44,185.93
1151,186.94,187.07,182.15,183.87,184.25
1152,184.18,187.60,182.07,182.95,182.31
1153,181.58,181.84,179.16,180.26,179.37
1154,176.49,176.56,172.42,173.89,176.49
1155,175.50,176.84,174.22,176.32,176.31
1156,174.41,177.53,173.08,177.28,177.93
1157,178.07,181.19,177.58,181.13,179.47
1158,180.27,180.88,178.03,179.43,179.32
1159,178.32,178.86,176.55,177.37,178.87
1160,177.22,182.50,177.05,181.26,178.75
1161,178.34,178.91,175.51,175.84,177.26
1162,176.07,176.64,174.30,175.64,176.80
1163,177.24,178.91,177.13,178.46,178.43
1164,181.04,181.68,180.40,181.30,180.07
1165,180.84,181.50,179.84,179.89,180.58
1166,181.47,182.07,180.84,181.49,180.71
1167,181.83,182.29,179.48,180.90,179.52
1168,179.67,181.32,174.69,175.18,177.51
1169,177.17,177.87,176.15,177.82,177.24
1170,179.06,179.36,176.76,177.45,177.74
1171,176.87,178.38,175.99,178.08,178.66
1172,180.30,181.33,179.61,180.81,179.84
1173,181.78,181.82,179.35,180.37,180.01
1174,179.17,180.09,178.03,178.62,179.97
1175,180.34,181.35,179.82,181.20,181.47
1176,183.20,185.05,183.13,184.52,183.43
1177,184.83,184.90,183.93,184.34,184.13
1178,184.91,184.99,183.02,183.95,183.98
1179,182.96,183.52,181.76,183.42,184.10
1180,183.77,185.24,183.35,185.15,184.87
1181,186.28,187.34,185.67,185.92,185.42
1182,185.65,186.08,185.01,185.25,185.21
1183,184.06,184.81,183.88,184.42,184.92
1184,184.44,185.31,184.05,185.31,185.08
1185,184.93,185.31,182.91,185.23,185.23
1186,185.56,186.69,185.18,185.54,184.91
1187,185.80,185.99,182.96,183.58,184.04
1188,183.52,184.21,182.91,183.66,183.11
1189,184.50,184.90,180.43,181.22,182.43
1190,181.04,183.74,179.52,183.25,182.51
1191,183.01,183.18,181.23,182.58,182.13
1192,182.92,183.01,179.08,180.31,181.38
1193,181.05,182.32,180.67,182.03,181.11
1194,182.69,183.75,180.25,180.54,180.11
1195,179.32,179.35,176.45,177.44,179.00
1196,177.42,179.52,175.29,179.39,179.68
1197,180.36,182.29,180.17,182.03,180.97
1198,181.51,182.93,181.16,181.48,180.84
1199,180.34,181.11,178.62,178.76,180.08
1200,180.28,181.33,179.74,180.51,180.61
1201,180.55,182.63,180.40,181.90,182.11
1202,183.98,185.71,183.87,184.25,183.62
1203,183.99,184.82,183.80,184.23,184.77
1204,184.80,187.00,184.68,186.57,185.80
1205,185.93,186.58,185.52,186.11,186.21
1206,187.23,187.51,185.89,186.60,186.04
1207,186.26,186.72,183.86,184.81,185.69
1208,185.79,186.57,185.24,186.44,185.66
1209,187.18,187.44,184.90,184.96,185.48
1210,184.58,185.35,184.28,185.32,185.84
1211,186.64,187.24,185.82,187.12,187.09
1212,186.16,188.71,186.12,188.61,188.59
1213,189.49,190.72,189.49,190.47,189.52
1214,190.16,190.45,188.97,189.00,189.60
1215,189.37,190.23,188.28,189.92,189.81
1216,190.47,190.55,188.90,190.00,190.47
1217,190.82,191.74,190.53,191.73,191.58
1218,193.00,193.33,191.73,192.91,192.53
1219,193.16,193.35,192.38,193.02,192.85
1220,192.80,192.82,191.65,192.59,192.91
1221,193.55,194.48,192.67,193.23,193.27
1222,192.88,194.02,192.37,194.00,193.71
1223,193.02,193.82,192.76,193.74,193.94
1224,193.91,194.95,193.61,194.30,194.17
1225,193.63,194.53,193.50,194.35,194.33
1226,193.62,194.32,193.03,194.20,194.64
1227,195.37,195.62,194.75,195.62,195.28
1228,195.31,196.09,194.52,195.78,195.71
1229,196.52,196.52,195.31,196.07,195.63
1230,195.56,196.14,193.41,194.89,195.09
1231,194.68,194.81,193.85,194.46,194.75
1232,194.94,195.05,193.53,194.58,195.22
1233,195.42,196.92,195.39,196.89,196.40
1234,197.01,197.51,196.72,197.26,197.41
1235,197.77,198.65,197.53,198.64,197.90
1236,198.14,198.44,197.64,197.73,197.31
1237,197.74,197.81,194.53,195.71,195.92
1238,193.02,194.25,192.07,194.18,194.98
1239,195.17,195.62,194.88,195.16,195.14
1240,195.85,195.85,194.59,195.55,195.95
1241,196.97,197.78,196.82,197.64,196.78
1242,197.28,198.21,196.66,196.74,196.91
1243,196.84,197.52,196.13,196.58,197.00
1244,197.02,197.82,196.71,197.62,197.78
1245,197.42,199.88,197.15,199.09,198.90
1246,198.99,200.44,198.56,199.75,200.07
1247,201.06,202.00,200.99,201.75,201.21
1248,202.01,202.18,201.53,201.87,201.85
1249,202.04,202.58,201.81,202.02,202.36
1250,202.11,203.35,202.09,203.29,203.18
1251,204.25,204.89,203.68,204.11,203.99
1252,204.83,204.97,204.47,204.65,204.56
1253,204.83,204.92,204.29,204.75,205.19
1254,205.08,206.58,205.05,206.56,205.95
1255,207.28,207.30,205.83,206.38,206.01
1256,206.28,206.41,204.02,205.03,205.65
1257,204.38,205.56,204.06,205.42,206.25
1258,207.15,208.85,206.74,208.85,207.40
1259,206.09,208.18,206.07,206.94,207.71
1260,205.31,208.30,205.06,208.27,208.02
1261,208.35,208.83,207.58,208.24,208.70
1262,208.21,210.76,207.88,209.81,209.85
1263,211.53,211.99,210.35,211.58,210.97
1264,212.41,212.43,210.66,211.04,211.77
1265,211.91,213.51,211.57,213.48,212.59
1266,213.37,213.73,212.31,212.64,212.88
1267,212.75,213.72,212.03,212.72,213.34
1268,213.79,214.80,213.33,214.76,214.49
1269,215.73,216.00,214.61,215.82,215.45
1270,215.23,216.27,215.13,215.73,215.89
1271,216.82,217.53,216.03,216.30,216.26
1272,216.17,217.09,215.17,216.99,216.10
1273,218.01,218.24,214.17,215.17,214.54
1274,210.31,211.86,209.83,210.72,212.95
1275,212.21,214.45,211.65,213.96,213.36
1276,215.15,215.39,213.36,214.31,214.18
1277,212.93,215.17,212.26,215.07,214.02
1278,215.97,216.00,210.91,211.66,213.66
1279,212.69,215.35,212.55,214.86,215.50
1280,217.80,220.15,217.05,219.78,218.56
1281,222.42,222.46,219.18,220.50,220.60
1282,221.05,222.46,220.27,222.40,221.68
1283,221.41,222.65,220.81,221.45,222.39
1284,220.71,224.13,220.66,224.12,223.51
1285,225.36,226.10,223.57,224.16,224.65
1286,225.49,226.45,224.93,226.35,225.68
1287,224.77,226.98,224.50,226.06,226.24
1288,226.41,226.92,225.65,226.70,226.64
1289,225.60,227.22,225.36,226.79,227.26
1290,228.14,229.44,227.87,228.97,227.58
1291,228.46,228.94,224.04,226.84,225.79
1292,225.71,226.09,221.56,222.48,221.16
1293,214.18,216.66,212.81,213.90,214.87
1294,215.70,216.41,207.48,208.09,209.94
1295,209.38,212.83,207.63,209.16,206.21
1296,203.77,209.10,198.55,198.69,202.00
1297,191.92,200.16,191.47,198.84,201.81
1298,201.81,209.25,198.97,209.10,204.71
1299,209.77,212.18,200.60,202.40,205.95
1300,206.10,210.95,204.22,210.84,206.79
1301,205.50,209.04,202.99,204.43,204.41
1302,197.75,202.08,196.05,200.98,198.68
1303,186.94,194.36,185.61,187.02,193.52
1304,194.31,197.39,187.13,197.21,191.88
1305,192.61,193.96,186.21,188.62,186.35
1306,175.93,184.33,170.96,171.32,179.64
1307,180.74,187.90,172.10,185.84,176.77
1308,168.26,178.43,163.44,163.57,172.48
1309,169.53,178.15,164.04,175.98,171.91
1310,165.81,173.16,161.16,170.63,171.69
1311,169.75,177.28,165.82,171.65,169.71
1312,175.59,176.69,164.35,164.93,167.30
1313,165.49,168.68,159.69,165.05,168.80
1314,174.19,177.99,172.30,177.83,174.26
1315,178.56,183.49,174.26,176.51,178.72
1316,178.03,186.60,177.78,185.81,181.72
1317,180.99,184.46,178.79,179.41,182.57
1318,181.12,186.38,180.42,185.94,183.61
1319,185.63,189.05,183.19,184.35,182.50
1320,178.90,181.70,175.12,176.52,179.67
1321,175.48,184.06,175.22,180.10,179.20
1322,179.66,181.13,175.53,177.55,181.67
1323,184.43,191.37,183.18,190.24,186.94
1324,195.94,196.22,189.77,190.16,190.83
1325,191.86,194.78,189.94,194.20,193.23
1326,195.92,196.76,192.71,194.48,195.16
1327,193.65,196.96,192.44,196.58,198.27
1328,200.65,205.75,199.86,205.13,202.16
1329,201.86,205.10,200.54,202.78,204.20
1330,204.97,207.56,203.03,206.48,205.96
1331,209.30,209.63,205.34,208.45,206.79
1332,206.58,209.02,205.82,205.98,204.70
1333,203.91,204.45,197.16,198.38,202.22
1334,202.46,205.60,201.71,204.27,202.94
1335,205.06,207.63,203.43,203.83,204.69
1336,204.27,207.49,202.85,207.05,206.48
1337,209.32,209.75,207.69,208.71,207.31
1338,210.42,210.42,204.50,204.78,207.81
1339,209.32,212.98,208.31,212.04,209.92
1340,212.96,213.05,210.45,211.96,210.14
1341,207.69,209.79,204.96,205.98,208.40
1342,204.74,208.61,204.41,208.38,208.66
1343,210.53,213.15,209.96,210.75,210.48
1344,212.43,214.02,211.18,212.04,212.46
1345,214.77,215.66,213.42,214.77,214.85
1346,216.45,217.85,215.41,217.72,217.15
1347,216.39,220.69,216.16,219.66,217.62
1348,220.26,220.85,215.04,215.06,215.61
1349,215.59,217.48,209.83,212.37,214.03
1350,211.05,214.82,209.13,214.78,214.77
1351,211.83,216.24,211.40,216.18,216.81
1352,219.09,221.42,218.31,220.21,219.04
1353,220.47,222.55,219.51,219.65,220.77
1354,222.21,224.40,222.19,224.04,222.18
1355,224.09,224.77,221.09,221.60,222.30
1356,221.19,222.57,220.27,222.37,222.12
1357,225.95,226.15,221.52,221.76,222.24
1358,221.43,223.09,216.83,222.97,222.71
1359,221.83,226.05,221.78,222.69,223.66
1360,223.06,226.18,221.49,225.95,225.30
1361,225.08,227.00,224.63,226.62,226.77
1362,227.05,228.20,224.64,228.15,227.92
1363,228.76,229.93,227.88,229.17,228.56
1364,228.82,230.24,226.26,227.56,229.30
1365,228.72,232.67,228.15,232.08,231.45
1366,231.93,234.00,230.35,233.88,233.76
1367,233.02,236.42,232.83,235.57,235.35
1368,237.27,239.95,236.74,238.40,234.33
1369,234.47,235.85,226.53,226.59,230.38
1370,231.50,232.76,224.38,228.39,229.28
1371,225.06,231.84,224.12,231.17,231.48
1372,236.04,236.63,231.50,235.14,234.15
1373,236.64,237.70,235.02,235.88,235.69
1374,235.56,236.76,234.79,236.52,236.41
1375,238.89,239.15,234.75,236.48,237.33
1376,236.35,239.44,236.06,239.32,238.90
1377,240.92,243.60,240.37,241.35,239.37
1378,240.60,241.83,234.88,236.38,238.09
1379,236.47,238.93,233.89,238.63,236.73
1380,238.39,238.56,232.47,232.99,235.38
1381,232.75,235.54,230.21,235.53,236.44
1382,235.47,240.69,235.28,240.15,239.63
1383,240.19,243.95,239.65,242.96,242.68
1384,245.41,246.62,244.14,244.60,245.64
1385,247.77,251.14,247.75,250.62,248.53
1386,250.37,253.03,248.59,248.89,250.13
1387,250.22,252.20,248.78,252.17,251.96
1388,254.09,254.96,249.88,254.29,253.86
1389,254.15,256.28,251.46,256.03,254.06
1390,258.88,261.68,249.94,250.76,252.67
1391,248.23,252.95,245.16,252.54,252.32
1392,253.95,254.79,249.75,253.05,252.39
1393,250.26,251.97,247.93,251.33,252.14
1394,251.78,252.48,249.43,251.62,253.49
1395,252.26,259.39,251.01,258.75,256.03
1396,260.33,260.34,255.22,256.06,256.51
1397,256.55,257.89,254.65,256.96,254.85
1398,256.55,257.26,248.83,250.25,251.59
1399,246.40,249.20,243.76,247.87,249.91
1400,249.52,252.68,248.74,252.30,250.39
1401,251.51,252.03,248.79,249.09,250.67
1402,250.63,252.82,250.15,251.96,251.83
1403,249.99,253.84,248.83,253.28,254.20
1404,257.91,257.95,253.00,257.80,257.49
1405,259.94,262.02,259.81,261.28,260.43
1406,260.77,262.34,260.03,262.25,262.14
1407,262.73,263.35,261.84,262.90,263.52
1408,262.70,266.71,262.06,266.38,264.47
1409,265.84,266.61,261.15,263.30,263.53
1410,263.60,263.80,258.65,262.18,261.48
1411,261.01,262.31,256.67,257.21,260.47
1412,259.38,264.63,259.33,263.68,262.24
1413,264.46,266.56,263.34,264.28,263.91
1414,264.90,265.18,262.58,263.97,264.98
1415,265.69,267.54,264.01,267.04,266.85
1416,268.11,270.08,266.64,269.61,268.42
1417,269.57,270.63,267.28,267.80,269.30
1418,267.00,272.00,266.59,271.51,271.14
1419,271.70,273.85,271.05,273.39,273.30
1420,276.67,277.40,272.81,275.10,275.38
1421,274.32,277.45,273.88,277.26,278.20
1422,278.51,283.43,277.23,283.18,281.26
1423,284.16,285.01,280.03,282.30,282.80
1424,283.54,284.36,282.18,283.73,284.19
1425,284.25,287.82,283.82,286.01,286.76
1426,288.67,291.01,286.89,290.90,289.62
1427,294.16,294.37,287.96,293.65,288.38
1428,289.13,289.64,275.86,278.76,281.25
1429,276.97,280.24,263.62,275.05,273.28
1430,264.03,269.85,261.55,261.83,267.61
1431,267.35,271.63,264.79,269.52,266.35
1432,272.49,273.71,262.42,264.15,265.04
1433,265.90,266.94,258.87,262.31,264.44
1434,266.11,268.88,264.75,266.88,266.57
1435,270.64,272.01,266.85,270.67,268.07
1436,271.46,271.93,266.00,266.35,266.11
1437,259.50,266.15,258.66,262.19,262.61
1438,263.62,263.91,254.73,258.84,260.29
1439,254.57,259.60,252.29,259.46,260.46
1440,261.87,264.87,258.52,264.28,260.73
1441,263.96,264.15,255.33,256.21,258.85
1442,253.53,260.62,253.36,257.41,259.26
1443,257.91,264.21,256.35,263.39,263.17
1444,268.26,268.86,263.50,268.86,266.84
1445,268.30,269.36,267.09,267.65,268.43
1446,267.84,272.63,267.57,269.48,269.91
1447,273.31,274.37,271.42,273.76,270.57
1448,267.72,273.75,265.21,266.06,269.43
1449,268.03,272.05,267.92,271.73,269.28
1450,271.04,272.73,266.00,266.88,269.37
1451,269.53,272.30,268.94,271.50,270.98
1452,273.90,273.97,271.88,272.94,273.87
1453,274.59,277.19,274.21,277.12,278.27
1454,281.81,288.51,280.76,285.67,283.02
1455,287.48,288.12,284.29,285.66,284.58
1456,286.47,287.44,281.53,283.27,283.33
1457,278.56,281.97,277.92,281.37,281.39
1458,283.02,284.45,279.48,279.83,279.09
1459,281.75,282.71,274.28,275.26,276.76
1460,276.00,278.97,274.44,275.86,275.81
1461,276.11,278.68,275.16,275.64,275.70
1462,276.48,277.38,272.37,275.63,275.63
1463,276.20,276.34,273.30,276.18,274.94
1464,273.89,276.72,268.44,272.03,273.34
1465,273.03,274.98,271.77,274.16,270.92
1466,269.65,270.26,263.22,263.47,267.38
1467,264.79,271.08,264.32,268.08,265.35
1468,266.09,266.96,259.04,261.28,263.37
1469,263.67,265.29,258.94,261.86,263.70
1470,263.78,268.49,262.69,266.39,268.71
1471,275.06,280.08,273.39,278.28,276.81
1472,284.70,286.50,283.22,285.54,282.86
1473,284.88,286.48,281.11,285.75,283.57
1474,288.70,290.14,279.45,279.91,280.36
1475,276.59,278.04,272.18,274.89,278.18
1476,277.43,281.52,274.86,281.04,279.27
1477,282.01,283.29,278.61,279.73,280.63
1478,281.44,282.80,279.21,282.18,282.11
1479,281.88,284.68,281.27,284.38,283.34
1480,284.57,284.90,282.84,283.48,283.14
1481,282.93,284.55,281.30,281.38,282.54
1482,280.83,283.90,280.16,283.58,282.52
1483,283.51,284.25,281.56,281.64,282.26
1484,282.64,283.94,279.40,281.65,282.90
1485,282.72,286.11,280.92,285.61,285.11
1486,286.68,288.01,285.73,287.37,287.49
1487,289.34,291.14,288.94,290.02,289.51
1488,290.34,290.95,285.91,290.61,291.39
1489,292.89,295.96,291.78,294.33,293.39
1490,293.16,295.05,291.32,294.71,294.62
1491,295.02,296.68,294.40,295.13,295.39
1492,295.18,296.48,294.50,296.33,296.47
1493,296.51,298.38,296.33,298.01,297.51
1494,297.53,299.32,295.78,299.02,296.83
1495,298.80,299.08,291.18,292.25,294.39
1496,290.21,294.55,289.12,293.42,293.27
1497,291.76,292.90,289.49,292.77,293.63
1498,293.96,296.84,293.90,294.89,295.27
1499,297.15,298.05,294.96,298.05,297.62
1500,298.44,300.47,297.40,299.69,299.61
1501,301.29,301.88,300.08,301.64,300.76
1502,302.29,302.60,298.36,300.73,300.78
1503,297.78,300.70,295.00,300.17,300.53
1504,301.07,301.91,298.16,300.99,300.42
1505,301.04,301.39,299.32,299.47,300.35
1506,299.73,301.24,299.66,300.79,301.34
1507,303.41,304.30,301.57,303.82,303.01
1508,305.16,305.78,303.19,304.10,303.92
1509,305.26,305.58,303.48,304.11,304.13
1510,304.01,305.34,302.93,304.85,303.54
1511,306.19,306.36,296.54,300.55,302.26
1512,299.56,303.30,299.56,303.03,301.63
1513,298.31,303.05,297.31,298.83,302.07
1514,301.49,306.89,301.46,306.06,305.13
1515,308.35,310.34,306.16,310.00,307.36
1516,307.03,308.21,304.86,305.51,306.54
1517,305.55,306.64,302.39,305.03,305.84
1518,305.29,307.89,304.69,307.09,306.00
1519,307.54,308.54,304.97,305.45,305.34
1520,305.23,306.19,301.78,303.03,305.28
1521,305.35,307.95,304.25,307.45,308.40
1522,311.07,315.54,307.55,314.60,313.11
1523,315.94,317.87,314.56,317.12,315.98
1524,316.08,317.21,315.51,316.20,317.08
1525,319.60,320.96,312.31,318.82,317.90
1526,319.54,320.42,317.95,319.28,316.64
1527,317.02,317.03,308.37,310.38,313.10
1528,311.59,317.18,310.97,312.22,310.54
1529,310.53,311.64,303.90,305.65,309.75
1530,309.10,314.38,307.07,313.29,312.80
1531,316.26,319.56,316.10,318.40,316.49
1532,320.48,320.85,317.08,317.14,318.36
1533,318.54,320.98,317.21,320.89,320.27
1534,321.84,322.99,320.20,321.98,322.12
1535,323.67,324.29,322.02,324.13,323.44
1536,323.20,325.33,323.19,324.06,323.86
1537,325.50,325.96,320.17,323.33,324.10
1538,324.86,325.51,322.71,325.10,325.11
1539,324.26,327.09,323.21,326.92,326.04
1540,327.72,328.61,324.87,326.04,325.71
1541,323.05,326.15,320.82,324.47,324.48
1542,320.88,324.41,319.06,323.05,322.79
1543,324.40,324.53,320.62,321.64,319.74
1544,317.25,318.52,313.10,313.31,315.51
1545,308.02,314.05,302.19,312.38,313.25
1546,309.71,315.26,307.01,314.95,311.29
1547,312.29,314.85,302.43,303.97,307.63
1548,306.90,310.07,302.07,305.24,307.66
1549,310.23,314.77,308.94,314.43,310.07
1550,315.07,315.14,309.13,309.38,307.74
1551,308.28,309.23,300.35,300.40,301.88
1552,300.04,303.20,291.61,295.49,298.14
1553,298.11,300.84,289.03,299.94,296.99
1554,299.39,301.28,291.03,291.44,296.82
1555,298.76,304.85,298.23,302.94,300.09
1556,307.21,307.51,301.39,302.07,303.72
1557,306.83,310.80,305.93,309.03,306.54
1558,304.97,309.22,302.57,306.53,307.93
1559,306.85,309.96,305.20,309.80,309.48
1560,312.00,315.02,310.06,311.50,310.89
1561,308.46,314.68,306.74,312.78,309.74
1562,307.90,308.88,302.75,303.20,306.34
1563,303.04,305.82,300.89,304.27,305.87
1564,306.67,312.05,306.67,309.98,307.78
1565,311.07,312.39,307.81,308.62,307.31
1566,310.00,310.04,303.27,303.42,304.94
1567,301.57,304.41,299.06,302.89,304.51
1568,302.68,307.76,301.28,307.44,306.13
1569,306.90,308.40,304.00,307.35,306.96
1570,305.38,306.38,303.10,305.80,307.75
1571,307.59,312.05,307.25,310.48,310.96
1572,314.32,315.91,314.06,315.78,315.87
1573,318.27,322.85,318.02,322.08,320.08
1574,321.77,323.81,321.08,321.86,322.01
1575,321.38,323.47,320.45,322.63,323.43
1576,325.50,326.19,324.70,326.00,325.57
1577,324.64,328.18,323.90,327.98,327.32
1578,326.94,327.97,325.66,327.55,328.50
1579,329.08,331.84,328.86,331.37,329.41
1580,331.62,331.74,326.57,327.39,329.74
1581,330.27,332.74,327.11,332.35,331.11
1582,332.88,332.96,330.87,332.74,331.51
1583,331.17,332.32,327.77,329.70,329.96
1584,329.04,330.32,325.32,327.30,328.71
1585,326.01,330.28,324.92,330.10,328.47
1586,329.71,330.69,324.96,326.12,328.34
1587,326.75,331.54,326.75,330.22,329.77
1588,330.47,332.66,329.72,332.37,331.18
1589,332.67,332.88,329.98,330.93,330.97
1590,330.60,331.62,329.16,329.81,330.42
1591,333.09,333.51,327.77,331.00,330.03
1592,328.55,331.04,327.92,328.83,328.67
1593,330.04,330.79,326.63,327.08,325.97
1594,324.52,324.84,317.37,321.19,322.70
1595,323.25,324.11,319.34,320.12,321.41
1596,319.85,322.68,317.61,322.53,322.31
1597,325.31,327.53,322.70,325.14,322.01
1598,323.76,323.94,316.73,316.93,318.67
1599,311.04,317.29,310.38,316.50,314.76
1600,311.55,313.88,307.44,308.30,311.55
1601,311.25,313.67,308.31,310.69,312.18
1602,313.86,318.46,313.35,317.55,314.94
1603,315.83,317.53,312.74,315.62,315.31
1604,316.57,317.80,313.22,313.49,314.48
1605,308.08,314.15,307.73,313.85,315.47
1606,315.34,320.78,315.11,319.92,317.94
1607,321.48,321.90,317.79,318.15,319.91
1608,320.45,324.63,318.04,323.50,322.24
1609,325.02,325.74,322.77,323.95,323.88
1610,324.62,325.54,323.93,325.08,324.44
1611,324.63,325.48,323.66,323.86,324.40
1612,325.07,326.48,324.56,324.88,324.36
1613,326.21,326.69,322.45,323.80,324.12
1614,324.22,325.28,322.71,324.44,323.58
1615,321.59,322.87,319.38,321.06,323.53
1616,322.86,326.95,322.79,326.51,325.40
1617,325.97,327.54,325.28,327.48,327.05
1618,329.23,330.10,325.95,327.64,327.70
1619,329.01,329.79,327.53,327.71,328.67
1620,328.05,331.24,327.61,331.13,330.54
1621,331.14,332.00,330.49,331.99,332.42
1622,332.42,335.19,331.24,335.18,333.60
1623,334.82,335.14,332.27,332.99,333.29
1624,333.45,334.52,328.31,331.77,333.26
1625,330.76,337.00,330.71,335.98,334.21
1626,334.32,335.47,332.60,333.35,334.62
1627,333.54,335.74,331.32,335.42,335.82
1628,335.21,338.99,334.91,338.55,337.73
1629,338.49,339.86,337.87,338.71,339.11
1630,340.65,342.33,340.10,340.81,340.26
1631,341.37,341.61,339.78,340.39,341.62
1632,341.67,344.66,341.61,344.53,343.71
1633,344.35,345.80,343.51,345.77,345.12
1634,345.62,346.01,344.64,345.23,345.52
1635,344.88,345.87,343.52,345.36,346.51
1636,347.26,349.65,347.03,349.33,348.67
1637,349.93,351.12,347.23,350.84,350.39
1638,353.04,353.34,349.62,351.58,350.80
1639,346.50,350.31,345.22,349.45,350.67
1640,348.87,352.11,348.29,351.64,351.49
1641,353.04,353.47,351.46,353.01,352.57
1642,352.63,355.98,352.15,353.01,353.03
1643,355.36,356.00,352.81,353.64,352.66
1644,353.56,353.76,349.15,351.16,350.93
1645,352.02,353.00,347.96,348.31,348.57
1646,344.86,345.96,342.90,345.46,347.60
1647,346.40,350.93,344.61,349.47,349.32
1648,349.05,352.17,348.82,352.17,352.08
1649,352.38,354.51,352.38,354.50,354.90
1650,355.82,358.92,354.47,358.64,357.32
1651,357.95,359.31,357.08,358.92,357.63
1652,358.66,358.66,350.81,354.97,356.45
1653,356.11,357.91,353.81,356.33,356.21
1654,355.77,358.13,355.77,356.96,356.23
1655,353.03,355.69,353.00,355.10,355.69
1656,356.77,357.35,354.42,355.13,355.82
1657,355.80,357.40,352.60,357.29,356.92
1658,357.25,358.76,356.14,357.80,358.14
1659,358.62,360.31,357.91,360.07,359.00
1660,358.81,359.78,357.38,358.49,358.95
1661,358.95,359.68,357.85,359.16,358.50
1662,359.67,359.96,356.13,357.31,357.69
1663,358.58,359.08,355.37,356.70,357.35
1664,356.19,358.35,354.84,357.99,358.01
1665,358.34,359.57,357.84,359.24,358.76
1666,358.12,359.44,354.26,359.40,358.29
1667,356.64,357.62,353.80,356.23,356.23
1668,355.70,357.10,352.47,352.81,354.51
1669,350.87,356.19,350.61,354.51,355.41
1670,355.58,358.58,355.27,358.18,358.63
1671,359.22,364.23,359.21,363.54,362.22
1672,364.13,365.25,363.67,364.65,364.16
1673,364.90,365.64,364.15,365.07,364.40
1674,364.21,364.89,362.31,362.75,364.52
1675,363.38,366.78,362.90,366.28,366.52
1676,367.06,370.87,367.05,370.39,369.05
1677,370.63,370.70,368.54,370.08,370.17
1678,371.15,372.77,370.49,370.70,370.53
1679,372.05,372.38,369.31,370.52,370.88
1680,369.37,372.06,369.35,371.66,371.44
1681,371.77,372.84,370.61,372.19,371.58
1682,372.01,372.01,368.62,370.89,370.77
1683,371.12,372.23,369.37,369.62,369.23
1684,371.33,372.05,366.48,366.81,367.54
1685,369.15,369.58,364.50,366.56,366.56
1686,368.05,368.78,364.56,365.52,366.58
1687,365.97,368.58,363.68,368.23,367.40
1688,366.90,369.06,364.97,368.49,366.80
1689,368.01,368.06,363.08,364.12,363.25
1690,358.31,360.06,351.95,356.60,359.12
1691,358.43,359.63,355.91,357.04,358.28
1692,357.95,361.84,356.85,360.37,360.37
1693,361.53,364.73,360.89,363.70,362.60
1694,361.43,364.46,361.06,364.04,362.60
1695,360.99,362.01,358.58,361.13,359.05
1696,356.57,361.08,350.41,350.91,353.67
1697,352.18,354.33,349.71,350.34,350.62
1698,351.99,353.65,348.21,349.05,349.77
1699,349.68,352.26,345.56,351.22,348.80
1700,349.60,349.93,341.60,343.85,347.20
1701,344.91,350.74,344.68,348.49,348.22
1702,345.27,350.99,344.36,350.72,350.75
1703,353.77,356.59,353.24,353.94,352.35
1704,355.02,355.25,351.64,352.17,351.74
1705,350.63,354.16,349.38,349.47,350.07
1706,350.92,351.36,347.61,348.25,349.73
1707,350.56,351.71,348.54,351.04,352.21
1708,354.64,357.72,353.98,357.51,356.37
1709,358.73,359.88,357.69,359.76,359.99
1710,358.46,363.59,357.86,363.38,363.02
1711,364.45,366.18,363.43,366.13,365.16
1712,366.58,367.20,364.17,365.65,366.17
1713,364.85,368.08,364.55,367.88,366.56
1714,366.62,367.59,363.12,364.79,366.65
1715,366.21,369.44,364.26,368.52,367.97
1716,370.77,373.19,368.50,369.69,369.62
1717,370.13,373.62,369.87,370.54,371.47
1718,372.44,374.91,371.67,374.66,374.04
1719,371.58,376.67,371.23,376.50,376.25
1720,376.94,377.92,374.85,377.79,377.96
1721,377.17,379.85,377.12,379.37,380.19
1722,379.86,383.81,378.81,383.39,383.59
1723,384.66,389.27,384.12,388.31,386.86
1724,390.08,391.01,387.28,388.68,388.12
1725,388.65,389.68,387.51,388.15,387.31
1726,389.23,389.63,384.12,385.48,384.72
1727,382.70,385.52,377.89,379.82,381.95
1728,382.80,382.98,380.53,380.87,381.92
1729,382.02,385.41,380.42,384.88,383.81
1730,386.06,386.38,382.34,384.79,385.43
1731,384.06,388.03,383.86,387.53,386.98
1732,387.85,389.77,386.77,387.74,388.77
1733,389.78,392.26,387.56,391.75,391.05
1734,393.39,395.21,392.56,393.94,391.83
1735,395.48,398.54,389.26,389.36,390.09
1736,388.20,390.27,383.14,387.59,388.33
1737,385.10,389.12,382.77,388.84,386.83
1738,386.25,387.65,380.07,381.46,385.54
1739,386.04,390.76,385.31,389.74,385.88
1740,388.86,391.21,382.00,384.02,383.58
1741,388.37,390.51,377.02,377.49,380.02
1742,376.20,381.99,374.77,380.21,378.01
1743,381.57,382.58,369.47,373.60,376.62
1744,374.08,377.95,369.86,376.59,379.23
1745,383.25,388.54,383.21,387.93,384.93
1746,388.26,389.87,386.36,389.67,387.29
1747,388.44,390.24,383.74,383.93,386.37
1748,386.75,388.37,383.57,388.11,385.46
1749,388.10,388.42,382.13,382.50,383.12
1750,377.66,380.38,374.08,378.54,381.86
1751,378.29,387.53,374.33,387.17,382.08
1752,388.13,388.56,375.62,377.21,379.00
1753,373.79,379.50,372.27,375.33,375.55
1754,370.60,372.48,368.55,371.69,375.30
1755,374.97,380.32,371.21,380.01,379.25
1756,379.72,384.84,379.05,384.64,384.08
1757,384.99,389.01,384.82,387.54,388.24
1758,388.83,393.94,388.81,393.94,391.52
1759,394.84,395.02,391.24,392.12,392.30
1760,392.25,393.52,389.68,392.06,391.72
1761,391.84,394.03,390.30,390.89,390.68
1762,390.21,391.58,387.95,388.44,389.99
1763,389.62,392.44,387.50,392.18,389.36
1764,392.73,392.77,383.99,387.10,385.04
1765,385.41,386.53,374.95,375.20,378.48
1766,373.38,378.19,371.14,374.94,374.38
1767,374.95,376.64,369.10,370.88,372.33
1768,365.96,371.64,360.58,371.12,372.81
1769,370.39,376.87,368.30,376.70,375.19
1770,379.28,380.98,375.91,378.19,375.00
1771,379.58,380.26,367.80,368.73,371.57
1772,366.20,371.36,366.00,371.03,368.02
1773,365.20,367.33,361.03,361.79,362.98
1774,363.35,365.83,357.55,357.82,357.61
1775,361.05,365.03,352.63,353.17,351.96
1776,350.97,353.62,343.09,343.38,346.41
1777,337.73,345.61,326.25,344.95,342.65
1778,338.48,342.73,333.60,336.95,338.87
1779,344.57,348.44,332.72,336.42,336.37
1780,341.14,342.97,332.01,333.04,337.36
1781,334.92,343.70,329.96,343.48,343.87
1782,344.85,355.05,343.21,354.47,351.77
1783,355.81,357.53,350.65,356.88,356.00
1784,361.02,361.35,355.68,359.78,354.96
1785,350.05,353.37,344.13,345.19,350.24
1786,345.71,352.86,343.65,349.55,348.29
1787,350.14,352.51,345.48,346.74,348.73
1788,345.59,351.72,344.46,350.63,351.38
1789,355.16,358.14,353.56,358.06,353.15
1790,351.02,357.83,348.11,349.96,348.85
1791,349.96,351.56,337.62,338.86,342.70
1792,338.30,342.68,335.76,339.27,341.93
1793,344.57,347.94,343.50,347.71,344.93
1794,345.46,348.65,342.42,347.62,344.28
1795,344.40,345.10,336.86,337.28,338.93
1796,338.22,338.61,331.12,333.44,333.67
1797,330.49,335.91,326.45,330.09,329.27
1798,333.25,334.09,321.32,321.63,327.34
1799,311.30,332.98,310.74,332.44,331.24
1800,333.24,337.80,329.41,337.60,335.84
1801,334.41,340.30,333.25,338.60,336.87
1802,337.58,339.85,330.89,333.42,336.17
1803,334.97,340.35,332.20,339.01,336.10
1804,341.66,341.76,332.30,334.17,333.48
1805,331.81,333.24,327.00,329.33,327.44
1806,329.32,330.48,316.98,317.18,320.79
1807,316.39,325.33,312.38,315.71,319.61
1808,323.91,328.43,321.31,327.07,322.70
1809,323.00,324.65,318.99,323.44,321.92
1810,326.42,326.73,316.24,316.73,317.43
1811,315.49,318.87,309.94,310.65,315.80
1812,313.29,321.17,311.68,320.39,321.41
1813,324.32,332.39,320.64,332.27,329.98
1814,330.37,336.36,329.07,336.30,336.58
1815,334.64,343.47,333.48,343.18,341.08
1816,342.34,344.57,337.83,342.23,343.90
1817,342.73,349.82,342.34,348.95,346.01
1818,346.07,349.64,343.88,343.94,347.20
1819,345.86,351.63,343.70,351.58,349.78
1820,351.52,352.58,346.98,351.29,352.83
1821,351.28,356.82,350.04,356.72,356.75
1822,360.62,363.49,357.85,362.86,359.65
1823,361.00,362.66,357.37,358.86,358.47
1824,359.00,359.35,353.57,354.41,355.88
1825,354.67,355.45,350.55,353.73,355.80
1826,354.57,361.02,354.31,361.01,356.49
1827,359.56,360.27,351.86,353.00,352.84
1828,347.67,348.78,342.70,345.33,347.79
1829,344.34,348.36,340.87,346.16,344.58
1830,344.42,345.17,340.68,341.32,340.35
1831,337.07,337.99,332.90,333.24,335.54
1832,338.00,339.89,330.46,331.83,334.13
1833,332.18,339.64,331.45,338.58,334.64
1834,338.67,339.19,330.62,330.84,333.08
1835,329.78,333.39,328.26,331.09,333.17
1836,330.45,339.07,329.42,338.49,334.78
1837,339.30,339.76,332.33,333.56,332.39
1838,337.45,340.07,325.73,326.65,326.51
1839,326.81,328.03,317.67,318.10,321.42
1840,316.47,322.50,315.20,322.19,318.02
1841,320.12,320.31,309.75,310.02,313.57
1842,310.12,315.64,307.93,309.65,312.73
1843,314.63,322.49,310.40,320.65,313.81
1844,316.44,319.89,305.59,306.22,311.26
1845,305.81,311.57,302.70,311.33,310.94
1846,311.36,313.96,308.89,311.67,313.69
1847,312.15,322.88,306.85,322.21,314.57
1848,317.88,317.95,302.67,305.98,308.60
1849,303.97,308.02,298.26,302.31,300.78
1850,296.67,302.41,289.09,290.48,294.59
1851,297.68,298.90,289.92,294.01,291.07
1852,291.75,297.27,284.42,285.29,287.82
1853,281.00,289.12,278.55,284.62,287.96
1854,289.09,296.20,287.48,295.17,291.59
1855,293.42,295.48,290.46,291.75,293.81
1856,297.62,299.68,293.81,299.30,293.16
1857,294.78,295.47,283.35,284.61,287.96
1858,282.80,287.79,281.13,283.08,284.00
1859,286.55,287.21,273.92,282.20,283.61
1860,283.25,287.28,280.85,286.90,284.10
1861,281.67,282.38,275.92,280.80,283.73
1862,279.30,286.81,279.10,284.73,286.43
1863,283.92,294.17,283.64,292.62,292.90
1864,295.75,302.31,295.64,302.17,298.89
1865,302.14,304.35,297.50,301.36,300.89
1866,303.50,305.64,296.92,299.13,301.74
1867,298.01,307.50,296.59,307.33,302.95
1868,302.10,303.50,298.08,299.33,301.61
1869,303.78,305.34,298.76,300.33,300.97
1870,297.00,303.70,295.90,302.92,301.23
1871,302.12,304.73,299.89,300.74,298.57
1872,299.05,302.12,292.52,292.68,291.62
1873,287.06,288.25,281.91,282.36,281.93
1874,273.47,276.01,268.37,269.23,273.69
1875,271.43,272.41,267.21,269.72,271.56
1876,273.15,280.39,270.40,276.46,271.62
1877,269.41,269.87,263.24,265.30,269.31
1878,266.07,270.97,264.44,268.53,269.93
1879,273.02,277.62,272.91,275.30,273.38
1880,272.80,279.32,272.20,274.90,276.25
1881,277.39,279.85,274.55,279.00,280.42
1882,281.83,288.98,281.59,288.55,284.80
1883,289.92,290.48,285.30,286.44,284.22
1884,286.98,289.57,277.53,277.71,280.15
1885,277.57,279.48,275.07,277.97,277.36
1886,274.98,278.10,270.11,274.52,276.18
1887,273.22,276.72,271.34,276.33,277.36
1888,272.59,281.18,271.06,281.06,280.42
1889,281.44,284.97,279.72,282.86,283.86
1890,283.68,289.62,283.68,288.92,287.01
1891,286.08,290.65,285.14,289.28,287.11
1892,286.86,287.08,282.22,283.10,284.01
1893,284.35,286.27,278.76,280.36,281.25
1894,274.83,282.13,274.26,279.78,280.53
1895,277.17,281.65,274.05,280.78,281.87
1896,283.77,285.98,282.16,285.87,284.09
1897,288.66,290.07,282.28,283.45,286.54
1898,287.08,292.46,285.48,292.17,291.28
1899,292.59,297.99,291.81,296.80,296.15
1900,297.26,301.12,294.60,301.06,298.13
1901,300.13,302.21,293.95,295.78,296.40
1902,295.81,296.28,292.09,294.10,293.64
1903,292.39,292.65,287.51,288.32,293.52
1904,292.89,302.20,292.32,300.50,298.38
1905,300.29,304.02,296.53,303.44,303.69
1906,304.99,309.89,303.56,308.98,307.23
1907,307.20,312.26,306.11,308.79,308.69
1908,306.49,312.00,305.43,307.87,310.51
1909,309.55,317.08,309.50,316.25,314.26
1910,316.33,318.05,314.18,317.73,316.22
1911,312.63,317.17,311.85,315.14,315.38
1912,316.06,319.76,312.65,314.12,313.85
1913,312.22,312.47,308.94,310.56,313.95
1914,317.92,319.52,315.44,319.23,316.70
1915,321.56,323.57,316.71,317.42,319.41
1916,319.48,323.80,318.42,323.60,322.63
1917,322.65,326.71,322.63,326.21,324.89
1918,325.24,327.55,322.39,325.45,324.54
1919,322.31,324.62,319.65,321.74,322.75
1920,321.69,323.70,320.07,322.51,320.37
1921,319.47,320.12,315.46,316.22,315.62
1922,311.95,312.19,307.09,307.90,310.44
1923,307.66,310.48,306.89,307.64,308.49
1924,307.16,310.36,306.56,308.54,309.32
1925,310.32,314.01,309.27,313.99,308.73
1926,313.70,314.90,301.03,301.12,303.53
1927,298.36,300.90,297.05,298.15,298.48
1928,299.81,300.43,292.31,294.83,295.42
1929,297.74,298.64,293.01,293.12,293.60
1930,290.62,293.62,286.93,293.25,292.06
1931,296.13,297.51,287.49,289.10,289.91
1932,289.58,290.50,284.89,287.03,289.45
1933,287.51,293.82,287.24,292.82,291.98
1934,290.75,295.67,289.38,294.34,295.60
1935,296.61,301.28,294.34,300.78,299.26
1936,302.16,304.69,301.85,304.35,298.54
1937,295.60,296.79,286.77,287.66,292.60
1938,288.81,290.83,287.04,289.94,288.55
1939,288.03,290.44,283.51,285.12,286.00
1940,281.81,283.76,279.75,283.37,284.56
1941,280.72,285.74,280.66,285.58,284.20
1942,283.07,285.60,281.00,283.30,282.30
1943,284.15,288.43,278.09,278.23,278.60
1944,276.70,277.71,273.58,274.81,274.67
1945,272.33,272.63,266.91,270.33,271.42
1946,269.86,274.24,268.42,269.21,269.93
1947,272.59,274.94,267.00,269.32,270.52
1948,269.30,275.96,267.82,274.68,270.81
1949,270.68,271.06,263.79,266.76,267.75
1950,265.94,270.02,262.08,262.24,265.84
1951,264.01,269.99,262.50,268.39,269.21
1952,273.75,277.53,273.75,276.83,274.10
1953,273.05,278.48,270.24,276.68,275.36
1954,275.68,278.84,274.18,274.50,272.08
1955,269.85,269.98,262.71,264.04,266.16
1956,264.24,264.63,258.69,261.40,261.56
1957,259.73,262.60,256.12,257.81,259.13
1958,258.45,260.37,257.03,257.72,259.28
1959,250.36,265.09,249.48,263.77,260.22
1960,266.10,266.70,255.25,255.84,260.24
1961,261.82,265.16,261.73,264.29,262.78
1962,271.33,272.00,263.69,266.38,265.17
1963,264.86,268.54,263.03,265.41,265.45
1964,264.51,269.68,262.88,264.05,266.31
1965,262.94,270.78,261.81,270.24,269.61
1966,270.51,274.15,266.86,273.22,273.47
1967,274.16,279.25,272.68,278.87,275.27
1968,273.23,278.64,272.22,272.71,273.13
1969,271.59,273.05,267.22,267.74,271.51
1970,267.11,276.41,266.95,275.94,272.84
1971,273.68,274.50,270.80,272.73,272.16
1972,276.21,276.77,269.58,269.94,268.06
1973,269.91,272.98,260.62,260.69,262.13
1974,258.07,259.53,255.21,255.59,258.64
1975,260.54,261.60,254.21,259.71,259.64
1976,260.75,263.10,258.62,262.56,261.94
1977,264.08,267.72,260.53,264.47,262.88
1978,262.73,263.51,258.09,258.37,265.49
1979,270.82,277.73,268.70,277.44,273.70
1980,277.25,283.21,275.90,282.55,279.84
1981,280.49,283.77,279.09,280.07,281.46
1982,286.72,287.75,280.60,283.95,281.86
1983,281.99,284.04,279.25,280.07,280.83
1984,275.60,280.94,275.44,279.46,279.67
1985,282.48,282.58,277.01,279.47,278.86
1986,278.07,279.23,275.76,276.59,278.61
1987,277.33,280.73,275.19,280.58,280.28
1988,280.60,284.02,280.42,283.39,281.77
1989,281.79,282.50,281.04,281.53,280.72
1990,279.55,281.57,276.46,277.40,278.52
1991,277.62,278.02,273.92,275.30,279.55
1992,275.56,287.95,274.71,287.85,284.49
1993,288.17,290.19,285.41,288.20,287.09
1994,283.12,287.94,282.94,287.05,285.76
1995,284.92,286.20,280.77,282.23,281.95
1996,282.08,282.21,274.99,276.39,278.02
1997,275.20,277.26,273.54,275.26,276.65
1998,276.61,279.49,274.53,278.51,277.31
1999,277.50,280.27,276.30,276.74,278.19
2000,276.92,280.27,275.88,280.21,280.05
2001,291.07,291.30,280.54,283.23,281.29
2002,282.64,285.93,277.87,281.12,278.85
2003,277.02,277.69,270.49,271.69,273.52
2004,271.01,272.55,267.49,269.10,269.14
2005,269.37,269.45,264.07,265.31,266.57
2006,264.14,266.86,262.56,265.11,266.13
2007,266.15,270.26,265.30,268.95,266.08
2008,265.93,266.06,258.14,262.37,264.07
2009,261.10,263.63,259.20,262.96,261.89
2010,262.35,262.46,258.70,259.25,259.56
2011,258.84,261.10,255.46,255.82,258.65
2012,258.64,263.00,257.94,262.06,260.35
2013,259.29,262.03,257.98,261.90,261.25
2014,264.23,265.71,257.82,260.13,260.82
2015,262.25,263.05,258.21,261.37,260.24
2016,259.70,259.87,256.96,257.28,260.42
2017,259.02,265.50,256.06,264.38,263.13
2018,266.38,270.76,265.48,266.09,266.15
2019,265.06,268.45,264.55,268.34,268.99
2020,269.42,273.09,268.63,272.99,272.09
2021,273.55,275.49,269.24,274.46,274.41
2022,271.95,276.60,271.62,276.35,275.77
2023,276.15,278.20,274.98,276.91,275.58
2024,278.45,280.01,273.10,273.31,273.84
2025,271.68,272.82,269.39,270.62,273.82
2026,272.24,278.37,271.18,278.03,277.78
2027,278.88,285.44,278.08,284.21,282.03
2028,282.58,284.79,282.06,283.63,283.58
2029,279.10,283.62,276.56,283.00,284.82
2030,286.43,288.69,283.77,288.52,287.58
2031,287.20,293.36,287.08,291.39,288.91
2032,288.11,289.54,285.12,285.50,288.47
2033,285.54,289.87,285.43,289.77,290.94
2034,289.57,298.44,287.49,295.97,296.83
2035,302.51,308.52,301.69,306.59,301.78
2036,299.93,307.25,299.53,301.14,301.76
2037,298.52,300.88,297.25,298.60,301.01
2038,298.47,305.92,297.35,304.78,301.56
2039,303.47,304.41,298.68,299.37,299.83
2040,303.76,303.91,295.26,296.72,297.30
2041,294.56,296.61,292.36,294.77,296.83
2042,296.18,300.08,295.00,299.49,298.96
2043,297.91,302.66,295.96,301.70,301.32
2044,299.89,304.18,299.20,304.02,301.60
2045,299.37,303.36,298.17,298.31,298.94
2046,296.12,296.96,293.20,296.21,295.07
2047,292.37,293.82,289.06,289.19,291.39
2048,289.77,291.49,287.75,289.41,290.15
2049,293.07,293.23,287.74,291.94,289.96
2050,286.96,288.15,285.28,287.05,288.87
2051,290.22,291.61,288.52,289.11,288.53
2052,288.48,291.25,288.14,288.73,288.22
2053,288.44,289.10,285.43,286.41,287.96
2054,283.91,289.59,283.63,288.78,289.88
2055,290.53,294.99,290.02,294.75,292.95
2056,295.99,299.00,294.89,295.09,293.80
2057,295.13,296.06,290.86,291.47,292.65
2058,291.89,293.52,290.03,292.92,291.09
2059,293.42,296.03,287.03,287.85,288.18
2060,288.01,289.51,282.65,283.81,285.97
2061,282.01,289.63,280.50,285.91,287.39
2062,289.47,293.03,288.62,292.48,291.30
2063,289.86,294.35,288.42,294.01,295.43
2064,293.10,302.13,292.30,301.76,299.19
2065,301.68,304.07,298.38,300.34,300.89
2066,299.72,301.73,297.50,301.40,302.19
2067,303.35,306.16,301.83,305.71,303.46
2068,305.64,310.55,301.38,301.55,303.57
2069,305.30,309.46,302.43,305.13,304.52
2070,304.70,306.35,302.37,306.25,305.17
2071,306.95,308.03,303.30,304.15,304.46
2072,303.57,303.60,300.22,302.54,304.73
2073,306.24,308.67,305.42,308.05,307.60
2074,310.54,311.60,308.14,310.97,311.35
2075,311.20,316.38,310.89,316.14,314.32
2076,314.01,315.64,312.68,315.37,314.96
2077,315.82,316.83,313.09,314.31,313.84
2078,313.35,314.30,309.38,311.21,312.69
2079,309.55,313.80,308.15,313.30,312.71
2080,310.37,313.18,308.58,313.13,312.44
2081,313.09,313.15,310.61,311.12,311.15
2082,313.08,313.67,307.91,308.37,310.87
2083,310.13,314.88,308.95,314.41,312.68
2084,312.85,315.58,310.90,313.82,313.82
2085,313.40,314.44,311.32,314.08,314.02
2086,316.20,316.62,312.90,314.10,313.95
2087,311.69,315.02,311.56,313.95,313.34
2088,310.98,314.51,310.27,311.56,312.29
2089,311.20,312.66,309.41,311.88,311.48
2090,311.66,313.00,309.06,311.24,309.86
2091,309.60,310.27,305.27,305.36,307.87
2092,308.76,310.24,306.69,307.22,309.34
2093,310.99,316.07,310.35,315.57,313.77
2094,315.33,317.83,314.20,317.75,316.60
2095,317.28,318.80,316.30,317.38,316.53
2096,317.31,317.64,312.87,314.61,314.79
2097,314.98,317.66,312.45,312.56,313.19
2098,312.33,313.48,310.42,311.45,313.71
2099,313.72,318.93,311.49,318.07,316.42
2100,317.61,319.20,316.52,318.86,317.96
2101,317.19,318.06,316.52,316.84,318.36
2102,319.28,321.14,316.80,320.29,319.65
2103,320.84,321.87,319.28,321.33,320.66
2104,321.86,322.29,318.12,320.18,320.96
2105,320.65,322.15,319.13,321.91,321.74
2106,321.19,323.99,321.15,322.28,323.43
2107,323.34,326.76,322.16,326.18,326.73
2108,326.57,332.45,326.55,332.24,330.22
2109,332.45,333.16,330.43,331.49,331.59
2110,331.23,333.62,331.22,332.60,331.08
2111,330.88,332.03,328.03,328.38,329.37
2112,326.43,327.94,324.64,326.70,329.88
2113,334.08,335.92,331.65,334.65,334.95
2114,335.68,344.04,335.58,343.20,340.87
2115,347.45,348.65,343.33,344.76,343.59
2116,343.17,345.37,341.34,342.80,344.47
2117,342.54,348.09,341.49,346.76,346.46
2118,348.52,350.52,346.76,349.36,348.54
2119,349.14,352.17,348.57,349.60,349.18
2120,348.99,350.51,347.66,349.55,348.07
2121,349.83,351.79,342.98,343.62,346.52
2122,343.91,348.34,343.68,347.88,347.53
2123,349.34,352.32,347.76,349.21,350.44
2124,350.88,355.21,349.90,355.11,354.28
2125,357.87,358.68,354.66,357.84,357.73
2126,357.85,360.73,355.04,360.44,360.70
2127,359.17,366.22,358.55,364.74,362.76
2128,367.16,367.29,362.00,362.44,362.57
2129,360.98,363.32,358.95,361.92,360.93
2130,360.78,361.21,356.06,356.99,359.41
2131,355.74,361.36,355.33,361.20,359.05
2132,357.29,359.93,355.92,357.62,357.36
2133,357.09,359.89,352.74,352.83,356.01
2134,354.38,359.62,353.64,358.89,357.57
2135,357.07,361.55,356.99,359.59,359.19
2136,359.30,359.94,357.23,358.87,360.61
2137,362.56,365.46,362.25,364.41,363.13
2138,365.05,365.90,363.96,365.26,364.70
2139,363.70,366.96,363.66,365.25,364.39
2140,361.54,362.92,359.57,362.47,362.92
2141,362.25,365.45,361.04,361.27,361.83
2142,360.99,362.07,358.48,361.39,362.10
2143,361.81,363.63,359.67,363.17,364.20
2144,367.29,369.11,365.27,367.76,368.15
2145,370.95,374.83,370.37,374.00,372.20
2146,374.44,377.66,373.05,373.93,374.79
2147,374.65,378.30,374.16,377.42,377.28
2148,376.78,381.88,374.84,380.50,379.14
2149,381.57,382.71,379.08,380.42,377.83
2150,377.42,378.89,370.62,371.65,373.80
2151,374.03,374.76,370.10,370.53,371.45
2152,371.51,372.46,369.26,371.12,371.67
2153,371.83,375.31,371.81,373.64,372.55
2154,372.59,374.09,370.09,372.40,372.66
2155,377.87,379.49,370.22,371.51,373.69
2156,375.57,379.30,375.06,378.28,376.44
2157,378.58,379.66,377.15,378.47,377.58
2158,377.12,378.36,375.52,377.60,375.49
2159,374.11,374.11,368.07,369.31,371.42
2160,366.89,370.85,366.73,368.72,368.84
2161,370.65,372.97,366.49,366.99,368.24
2162,368.81,370.20,366.47,370.10,368.27
2163,367.58,367.60,363.81,366.95,366.61
2164,367.24,367.39,362.16,362.92,364.26
2165,365.94,369.28,362.06,363.59,363.07
2166,361.02,363.01,359.74,361.27,362.87
2167,360.47,365.44,359.75,365.32,363.05
2168,364.35,365.15,360.78,361.45,361.15
2169,360.90,362.44,357.52,357.62,357.74
2170,359.02,359.37,353.30,353.71,355.06
2171,350.44,354.53,349.90,353.27,355.13
2172,354.74,359.64,354.28,358.96,357.47
2173,361.58,361.58,357.76,358.45,359.64
2174,359.63,365.20,359.42,364.10,360.48
2175,367.58,367.68,356.11,356.32,359.15
2176,357.16,360.78,353.71,359.08,359.67
2177,362.01,362.72,359.31,361.78,363.22
2178,361.58,370.04,361.26,369.68,367.99
2179,369.79,372.33,368.79,371.75,371.15
2180,371.82,374.57,371.75,372.86,372.36
2181,375.24,375.66,370.98,372.47,372.53
2182,371.66,374.16,370.73,372.94,371.80
2183,372.16,372.50,367.64,369.65,369.84
2184,365.19,367.79,364.14,367.01,368.18
2185,366.96,369.76,366.56,367.52,368.54
2186,370.56,372.37,368.59,371.85,369.55
2187,370.18,371.83,367.44,367.73,369.21
2188,367.97,370.74,366.83,369.13,369.49
2189,370.89,373.14,368.82,372.15,369.50
2190,370.81,371.21,364.84,365.78,367.50
2191,364.83,367.27,364.55,366.16,365.86
2192,364.83,366.18,362.35,365.38,363.87
2193,366.44,366.80,360.03,360.11,359.78
2194,356.42,357.21,353.35,353.51,355.63
2195,355.26,357.41,353.25,353.56,354.08
2196,352.60,355.33,351.61,355.24,353.34
2197,352.65,353.20,348.92,349.91,351.67
2198,351.06,352.64,347.09,350.73,351.54
2199,349.81,355.80,348.95,353.66,353.00
2200,357.15,358.54,352.69,353.92,354.32
2201,354.19,358.28,353.57,356.87,354.48
2202,354.42,356.63,348.99,350.61,353.53
2203,351.45,356.23,350.99,355.38,354.24
2204,355.37,355.78,350.83,354.33,356.18
2205,351.33,361.47,350.54,360.27,359.25
2206,357.90,362.65,356.40,362.11,362.02
2207,362.44,366.77,361.94,364.11,364.14
2208,365.45,366.90,363.72,366.71,365.38
2209,367.22,369.20,363.04,365.44,364.57
2210,366.07,366.65,359.44,360.84,363.25
2211,362.17,365.98,362.02,364.92,363.44
2212,361.37,365.43,359.24,363.73,362.44
2213,361.23,363.44,357.62,358.96,359.18
2214,360.38,361.57,354.80,355.60,355.29
2215,355.10,355.67,350.07,350.29,352.32
2216,348.97,354.90,346.86,351.35,351.87
2217,353.17,355.54,351.47,354.77,351.11
2218,352.37,352.55,345.50,346.09,346.60
2219,344.88,345.82,338.19,339.49,342.27
2220,342.22,344.60,339.90,341.12,342.08
2221,343.61,346.28,342.24,344.96,344.54
2222,344.99,346.99,342.41,346.61,347.93
2223,347.45,353.19,347.35,352.62,352.83
2224,357.15,359.26,355.93,359.03,358.24
2225,360.32,364.54,360.09,363.25,362.36
2226,364.01,365.29,362.45,364.73,365.10
2227,365.77,369.04,364.57,368.17,367.12
2228,368.55,369.25,366.12,368.41,367.74
2229,369.10,370.25,365.08,365.58,368.61
2230,367.31,373.94,366.77,373.80,371.61
2231,372.21,373.69,370.68,372.63,374.88
2232,379.05,381.57,378.53,380.65,378.54
2233,382.55,383.04,379.57,380.94,380.65
2234,380.17,381.50,378.90,381.26,381.35
2235,380.53,382.37,379.62,381.35,382.52
2236,381.36,386.66,381.36,386.00,384.14
2237,384.29,384.50,382.00,383.75,384.61
2238,385.83,388.30,384.32,385.32,384.80
2239,384.92,385.51,383.78,384.78,384.82
2240,384.29,386.40,383.56,384.44,384.82
2241,383.69,386.04,383.34,385.45,385.04
2242,387.92,389.35,384.73,385.08,384.91
2243,385.34,385.81,381.13,384.11,384.56
2244,383.04,385.80,381.38,385.20,383.98
2245,381.40,381.90,378.01,381.63,382.77
2246,379.72,383.78,379.54,382.59,382.05
2247,385.53,385.63,380.03,380.37,382.51
2248,383.36,386.52,382.26,385.69,384.91
2249,383.95,387.85,383.76,387.41,387.78
2250,386.98,390.98,386.78,390.72,390.78
2251,390.76,393.95,389.62,393.83,394.21
2252,394.77,399.45,394.00,398.84,397.30
2253,400.06,401.37,395.48,398.49,399.02
2254,399.27,401.60,398.67,400.42,400.66
2255,400.81,403.84,400.49,402.94,402.51
2256,403.39,405.12,403.21,405.00,402.83
2257,404.20,406.30,398.80,398.98,401.89
2258,402.92,403.99,400.36,403.62,402.83
2259,404.84,405.80,402.35,404.23,404.61
2260,405.09,407.37,404.99,406.70,406.20
2261,406.99,407.82,406.12,407.53,407.06
2262,408.69,408.94,406.98,407.33,406.58
2263,407.31,407.67,403.65,405.57,403.99
2264,401.92,402.17,396.38,398.70,399.43
2265,396.07,397.13,394.05,394.49,395.40
2266,392.62,395.73,392.24,392.46,393.65
2267,392.62,395.70,391.52,392.92,395.18
2268,394.15,401.33,394.00,401.04,399.10
2269,398.03,402.77,397.83,401.83,402.09
2270,402.15,405.57,401.26,404.56,404.00
2271,405.84,407.23,400.34,405.40,405.11
2272,406.44,407.28,404.21,405.61,405.42
2273,404.37,407.15,402.90,405.57,405.17
2274,402.25,403.66,399.03,403.28,405.83
2275,406.56,409.59,405.21,409.00,409.78
2276,411.21,417.27,410.63,417.12,414.86
2277,419.32,420.63,417.06,417.66,417.76
2278,418.35,419.61,416.51,419.39,419.54
2279,423.31,425.70,421.23,421.72,421.06
2280,424.23,424.90,419.89,422.24,421.46
2281,420.34,422.10,419.07,419.72,421.47
2282,420.18,424.22,419.52,424.02,421.82
2283,422.98,423.55,420.29,421.20,419.72
2284,416.79,418.79,412.77,412.95,416.98
2285,414.75,418.30,413.78,417.81,418.73
2286,419.71,426.09,418.71,424.87,422.55
2287,424.93,425.46,420.90,424.32,424.12
2288,425.46,426.07,421.12,423.46,424.96
2289,426.26,428.65,424.95,427.82,427.03
2290,427.94,429.38,427.26,428.61,429.32
2291,429.75,433.62,428.96,432.83,430.89
2292,432.72,434.90,430.46,431.14,429.76
2293,423.16,427.11,421.23,424.42,427.68
2294,427.10,429.47,424.74,429.04,428.22
2295,429.73,430.78,427.17,430.32,428.58
2296,430.69,430.79,425.70,426.42,426.50
2297,424.42,425.93,419.41,423.20,424.25
2298,420.45,421.59,417.56,421.50,425.49
2299,430.30,434.88,429.52,433.84,430.12
2300,435.41,436.34,431.58,432.56,432.41
2301,433.38,434.37,432.15,432.34,432.64
2302,433.45,433.76,430.83,433.38,432.61
2303,431.23,432.46,430.11,431.07,432.95
2304,434.00,435.84,430.82,434.76,435.57
2305,435.65,442.27,435.60,441.31,438.60
2306,441.31,441.74,439.49,439.74,437.83
2307,436.69,436.69,429.47,431.84,435.09
2308,436.07,437.73,432.67,434.56,435.70
2309,438.15,442.41,436.61,441.15,437.40
2310,441.51,444.31,434.11,434.78,436.08
2311,433.29,434.43,431.24,433.17,435.45
2312,435.49,439.74,432.25,439.38,436.73
2313,438.38,438.40,434.88,436.00,436.20
2314,437.24,437.76,432.18,434.90,434.05
2315,431.86,434.63,428.56,429.73,432.41
2316,435.07,437.36,433.59,433.83,433.40
2317,431.82,435.32,429.72,434.91,435.98
2318,436.11,440.41,434.41,440.07,439.18
2319,445.14,445.59,441.95,442.15,441.44
2320,441.64,443.76,440.78,442.66,441.92
2321,439.85,442.54,438.85,441.05,441.13
2322,442.58,443.50,439.39,439.62,440.47
2323,442.72,442.82,438.24,441.12,440.57
2324,441.07,441.92,439.95,440.31,440.59
2325,441.26,443.80,439.32,441.24,439.98
2326,436.41,437.75,434.38,437.43,438.47
2327,435.30,440.30,435.29,438.41,436.62
2328,442.61,443.22,431.48,431.71,434.97
2329,433.14,439.47,432.32,436.80,435.73
2330,437.73,438.81,435.54,436.93,437.01
2331,439.27,439.54,433.79,438.54,437.27
2332,433.36,435.58,432.64,434.71,437.36
2333,436.59,442.61,434.31,441.66,437.63
2334,437.42,438.55,433.24,434.62,434.31
2335,438.37,438.46,426.62,427.46,429.52
2336,427.31,430.14,426.12,427.50,426.23
2337,429.49,429.51,421.36,422.29,422.75
2338,422.93,424.67,419.30,419.88,418.51
2339,418.70,419.22,409.62,411.19,415.11
2340,413.83,417.67,410.49,415.33,416.30
2341,417.26,422.73,415.38,421.52,419.98
2342,424.63,426.15,420.66,422.95,421.99
2343,415.74,421.77,414.65,420.91,423.27
2344,424.05,428.94,423.36,427.40,425.83
2345,429.52,430.14,426.39,429.14,426.04
2346,427.55,428.95,420.97,421.05,422.60
2347,419.62,426.55,417.15,418.00,420.99
2348,421.75,424.24,417.12,423.34,424.54
2349,430.82,432.84,429.01,431.85,430.59
2350,433.65,436.67,432.88,436.58,434.93
2351,437.02,438.28,435.91,436.65,436.40
2352,434.02,437.80,433.90,436.39,436.76
2353,436.66,437.92,434.80,437.34,437.42
2354,438.85,440.60,436.83,438.37,438.45
2355,440.29,440.39,437.97,439.38,440.12
2356,438.96,442.75,438.77,442.21,443.27
2357,444.69,449.37,443.17,449.12,446.83
2358,448.93,450.90,448.04,448.21,448.25
2359,448.34,448.94,445.79,447.99,448.98
2360,448.21,451.78,448.02,451.12,450.50
2361,449.26,452.19,449.06,452.00,451.53
2362,452.26,453.01,449.30,451.91,451.50
2363,456.71,456.74,448.08,449.88,451.69
2364,451.49,455.40,449.79,454.13,453.37
2365,455.35,455.91,452.88,455.85,454.12
2366,451.68,454.42,451.54,452.63,452.07
2367,451.70,451.84,446.45,447.78,449.12
2368,448.01,448.71,439.37,446.95,448.11
2369,450.78,451.78,444.17,449.35,449.42
2370,449.09,451.78,447.37,450.58,452.67
2371,454.16,459.74,450.62,459.66,457.03
2372,460.35,460.67,458.33,459.51,459.16
2373,459.14,461.86,457.99,459.10,459.85
2374,457.97,461.31,457.68,460.95,461.58
2375,459.67,464.24,458.18,464.12,464.96
2376,468.05,472.53,467.36,470.20,469.19
2377,473.74,474.40,470.46,472.74,472.70
2378,472.55,475.26,472.08,475.19,476.02
2379,475.46,482.80,474.15,481.01,479.19
2380,480.96,481.85,479.40,481.16,479.80
2381,482.36,482.78,475.62,477.45,477.91
2382,477.18,478.52,474.68,476.18,475.38
2383,474.95,476.68,470.62,470.75,473.86
2384,472.85,476.44,471.91,476.14,475.17
2385,475.31,477.67,474.90,477.12,476.90
2386,476.87,479.83,476.06,478.35,477.39
2387,479.15,483.90,475.22,475.87,477.49
2388,476.79,479.23,473.04,478.66,479.54
2389,477.16,483.75,477.03,483.69,483.51
2390,482.93,487.85,482.93,487.72,487.86
2391,488.56,493.24,488.26,492.80,491.57
2392,493.17,494.53,492.15,493.98,493.75
2393,495.50,496.62,492.88,494.40,495.24
2394,496.33,500.11,495.02,499.56,495.17
2395,499.67,499.88,487.41,488.60,492.30
2396,489.18,496.24,488.71,491.47,491.45
2397,493.25,497.62,490.75,492.79,491.81
2398,494.25,495.07,489.81,492.98,488.75
2399,484.98,485.49,478.44,478.51,481.75
2400,482.25,482.43,473.05,476.25,476.54
2401,475.91,478.43,470.73,472.03,475.18
2402,477.91,480.08,474.48,479.06,476.12
2403,478.15,481.15,476.89,477.37,472.61
2404,470.62,470.98,459.38,460.25,463.84
2405,460.58,464.77,452.55,455.17,458.58
2406,459.52,462.78,456.66,459.84,458.80
2407,462.56,464.75,458.50,460.76,459.08
2408,462.70,463.40,451.08,454.44,459.43
2409,464.70,469.59,463.25,467.88,460.78
2410,468.57,472.33,452.90,456.55,455.66
2411,447.84,450.50,441.46,445.71,445.61
2412,421.84,439.30,420.59,432.43,437.56
2413,434.27,444.05,431.62,436.56,435.15
2414,443.47,445.96,431.43,431.83,436.78
2415,438.08,445.95,434.19,445.04,442.24
2416,443.72,449.00,442.60,447.36,446.91
2417,448.34,451.30,445.52,448.33,451.07
2418,452.74,459.72,452.60,459.45,456.81
2419,460.38,461.96,455.30,459.60,462.39
2420,465.59,471.61,465.21,471.21,468.36
2421,469.42,473.19,468.46,471.82,472.88
2422,471.96,478.06,470.17,478.01,476.04
2423,477.10,479.67,475.31,477.01,477.38
2424,477.80,481.09,476.08,479.24,476.72
2425,481.56,482.26,470.61,471.64,474.91
2426,476.00,479.48,472.06,476.75,474.38
2427,476.21,477.13,470.04,472.12,473.41
2428,470.49,474.61,468.52,473.54,471.80
2429,473.07,473.79,464.73,468.16,469.61
2430,470.08,474.70,466.19,467.48,468.86
2431,471.83,473.67,467.33,473.05,467.49
2432,470.00,470.13,456.30,458.69,462.13
2433,455.57,461.31,454.63,457.50,458.03
2434,455.87,462.21,454.84,457.92,454.69
2435,457.22,458.10,445.16,445.65,450.83
2436,450.00,452.38,446.78,451.39,451.83
2437,453.15,456.06,449.17,455.56,457.13
2438,456.80,466.19,448.23,465.45,463.87
2439,465.48,470.83,463.69,470.02,468.86
2440,469.28,473.31,469.06,472.12,470.77
2441,469.99,470.65,466.71,470.04,470.54
2442,473.07,474.37,467.79,470.29,470.19
2443,471.49,475.59,467.64,468.25,472.07
2444,479.35,482.94,477.24,480.09,476.67
2445,479.23,480.42,475.06,479.18,479.42
2446,480.36,481.54,479.01,480.45,480.78
2447,481.86,483.72,477.59,482.76,482.33
2448,482.14,485.17,481.96,483.21,483.90
2449,490.72,491.05,483.19,486.84,485.10
2450,487.87,488.01,482.95,484.14,484.85
2451,483.17,485.79,480.33,485.45,483.33
2452,485.08,485.38,474.84,478.69,480.71
2453,477.78,481.28,475.16,479.36,479.55
2454,477.17,481.95,476.42,479.00,480.48
2455,484.83,485.26,479.80,484.70,481.97
2456,482.78,483.96,478.29,479.51,482.88
2457,482.06,487.36,481.25,486.67,485.92
2458,486.38,491.08,485.33,490.50,489.05
2459,488.21,491.82,486.90,489.95,490.30
2460,488.11,491.74,487.54,490.71,491.40
2461,493.11,496.15,492.60,494.83,491.82
2462,495.16,495.82,486.06,488.21,489.93
2463,488.54,489.05,484.95,488.27,488.73
2464,493.77,493.82,488.55,488.61,489.46
2465,491.41,492.91,490.65,491.82,491.18
2466,490.60,493.57,488.67,492.76,492.23
2467,490.08,494.78,489.33,493.30,491.16
2468,490.94,491.60,482.45,485.74,489.03
2469,489.47,490.35,486.81,489.68,489.72
2470,492.48,497.59,491.78,492.66,491.89
2471,495.78,495.84,492.44,492.74,493.74
2472,493.06,498.66,491.20,497.48,494.62
2473,496.71,497.66,493.23,493.71,491.24
2474,489.74,489.79,481.15,481.25,485.81
2475,482.89,488.12,482.60,484.81,484.19
2476,484.21,486.75,481.65,483.40,485.93
2477,484.99,490.23,484.90,489.57,491.91
2478,497.87,503.69,496.92,502.87,501.15
2479,505.67,511.57,505.61,510.78,508.20
2480,510.29,512.16,509.66,511.38,510.76
2481,512.60,512.81,508.18,511.08,510.84
2482,511.01,511.90,507.09,510.16,510.08
2483,509.65,512.22,507.21,509.50,508.27
2484,509.16,510.04,505.04,505.96,503.76
2485,500.24,500.63,491.84,493.90,498.49
2486,495.46,499.44,494.06,497.34,497.80
2487,494.75,501.25,494.41,500.76,499.68
2488,500.46,500.78,493.89,500.47,500.94
2489,503.52,504.24,494.89,502.27,502.03
2490,501.71,503.81,500.08,503.07,503.10
2491,507.16,508.70,501.55,503.87,504.22
2492,505.35,507.40,504.51,506.58,504.86
2493,505.44,505.51,499.24,502.59,505.04
2494,503.21,507.60,502.60,507.00,507.54
2495,508.27,513.49,507.88,512.52,511.51
2496,511.19,514.37,510.61,514.10,515.15
2497,517.53,520.71,516.81,520.45,518.38
2498,520.50,521.23,518.62,519.01,520.29
2499,519.67,523.89,519.55,523.65,521.22
2500,522.73,523.52,518.42,519.58,520.40
2501,520.81,522.56,516.37,517.80,520.90
2502,522.18,527.76,521.77,527.08,523.79
2503,524.85,526.12,523.20,523.67,525.67
2504,527.61,530.31,524.47,527.68,528.67
2505,530.22,536.26,530.14,535.28,531.60
2506,533.48,534.60,531.26,532.92,527.84
2507,532.28,534.00,512.25,513.70,518.68
2508,518.39,518.96,511.07,511.41,514.26
2509,507.70,522.00,506.56,515.88,516.43
2510,517.59,521.28,514.19,520.90,521.27
2511,522.86,528.05,522.22,527.97,525.41
2512,526.33,529.24,524.33,527.61,525.19
2513,524.03,524.47,515.91,520.59,520.44
2514,513.57,517.40,509.90,513.67,514.39
2515,514.95,515.71,508.34,509.31,509.16
